dataset;classifier;algorithm;feature-count;auc-score;auc-std;accu-score;accu-std
t2d;random-forest;random-forest;10;0.707;0.065;0.622;0.069
t2d;random-forest;random-forest;20;0.769;0.071;0.698;0.054
t2d;random-forest;random-forest;30;0.791;0.059;0.709;0.071
t2d;random-forest;random-forest;40;0.774;0.071;0.707;0.079
t2d;random-forest;random-forest;50;0.778;0.056;0.706;0.054
t2d;random-forest;random-forest;60;0.763;0.067;0.689;0.081
t2d;random-forest;random-forest;70;0.761;0.068;0.692;0.072
t2d;random-forest;random-forest;80;0.745;0.073;0.692;0.076
t2d;random-forest;random-forest;90;0.748;0.082;0.695;0.078
t2d;random-forest;random-forest;100;0.748;0.076;0.71;0.057
t2d;random-forest;random-forest;110;0.735;0.088;0.675;0.064
t2d;random-forest;random-forest;120;0.748;0.081;0.681;0.056
t2d;random-forest;random-forest;130;0.732;0.081;0.655;0.073
t2d;random-forest;random-forest;140;0.731;0.074;0.675;0.056
t2d;random-forest;random-forest;150;0.728;0.067;0.675;0.045
t2d;random-forest;random-forest;160;0.728;0.077;0.678;0.071
t2d;random-forest;random-forest;170;0.747;0.062;0.698;0.059
t2d;random-forest;random-forest;180;0.729;0.072;0.68;0.058
t2d;random-forest;random-forest;190;0.75;0.075;0.696;0.074
t2d;random-forest;random-forest;200;0.728;0.082;0.663;0.069
t2d;random-forest;mrmr;10;0.7;0.068;0.654;0.042
t2d;random-forest;mrmr;20;0.732;0.063;0.683;0.054
t2d;random-forest;mrmr;30;0.733;0.069;0.643;0.059
t2d;random-forest;mrmr;40;0.754;0.071;0.689;0.06
t2d;random-forest;mrmr;50;0.742;0.072;0.678;0.059
t2d;random-forest;mrmr;60;0.747;0.073;0.672;0.061
t2d;random-forest;mrmr;70;0.755;0.082;0.675;0.069
t2d;random-forest;mrmr;80;0.743;0.082;0.652;0.062
t2d;random-forest;mrmr;90;0.737;0.065;0.672;0.052
t2d;random-forest;mrmr;100;0.736;0.083;0.663;0.077
t2d;random-forest;mrmr;110;0.737;0.081;0.652;0.066
t2d;random-forest;mrmr;120;0.749;0.077;0.695;0.053
t2d;random-forest;mrmr;130;0.751;0.08;0.687;0.074
t2d;random-forest;mrmr;140;0.752;0.082;0.686;0.083
t2d;random-forest;mrmr;150;0.762;0.083;0.681;0.074
t2d;random-forest;mrmr;160;0.762;0.076;0.698;0.075
t2d;random-forest;mrmr;170;0.76;0.069;0.689;0.078
t2d;random-forest;mrmr;180;0.747;0.067;0.681;0.071
t2d;random-forest;mrmr;190;0.737;0.079;0.669;0.069
t2d;random-forest;mrmr;200;0.745;0.07;0.683;0.057
t2d;random-forest;mutual-info;10;0.622;0.106;0.593;0.09
t2d;random-forest;mutual-info;20;0.601;0.104;0.578;0.073
t2d;random-forest;mutual-info;30;0.704;0.068;0.642;0.061
t2d;random-forest;mutual-info;40;0.712;0.064;0.643;0.061
t2d;random-forest;mutual-info;50;0.759;0.077;0.703;0.07
t2d;random-forest;mutual-info;60;0.733;0.067;0.692;0.047
t2d;random-forest;mutual-info;70;0.72;0.094;0.637;0.076
t2d;random-forest;mutual-info;80;0.756;0.087;0.698;0.049
t2d;random-forest;mutual-info;90;0.736;0.081;0.666;0.06
t2d;random-forest;mutual-info;100;0.728;0.067;0.686;0.066
t2d;random-forest;mutual-info;110;0.718;0.091;0.655;0.082
t2d;random-forest;mutual-info;120;0.732;0.072;0.678;0.062
t2d;random-forest;mutual-info;130;0.74;0.105;0.661;0.095
t2d;random-forest;mutual-info;140;0.735;0.065;0.675;0.062
t2d;random-forest;mutual-info;150;0.738;0.074;0.678;0.074
t2d;random-forest;mutual-info;160;0.747;0.082;0.687;0.075
t2d;random-forest;mutual-info;170;0.757;0.071;0.675;0.072
t2d;random-forest;mutual-info;180;0.711;0.082;0.658;0.079
t2d;random-forest;mutual-info;190;0.739;0.071;0.672;0.077
t2d;random-forest;mutual-info;200;0.757;0.072;0.701;0.055
t2d;random-forest;chi2;10;0.692;0.071;0.649;0.07
t2d;random-forest;chi2;20;0.709;0.059;0.643;0.034
t2d;random-forest;chi2;30;0.69;0.081;0.649;0.056
t2d;random-forest;chi2;40;0.72;0.074;0.684;0.072
t2d;random-forest;chi2;50;0.714;0.072;0.663;0.076
t2d;random-forest;chi2;60;0.703;0.076;0.631;0.07
t2d;random-forest;chi2;70;0.707;0.078;0.651;0.083
t2d;random-forest;chi2;80;0.721;0.076;0.669;0.072
t2d;random-forest;chi2;90;0.722;0.069;0.666;0.072
t2d;random-forest;chi2;100;0.713;0.082;0.663;0.074
t2d;random-forest;chi2;110;0.726;0.081;0.666;0.063
t2d;random-forest;chi2;120;0.715;0.076;0.643;0.07
t2d;random-forest;chi2;130;0.717;0.086;0.663;0.065
t2d;random-forest;chi2;140;0.714;0.065;0.657;0.076
t2d;random-forest;chi2;150;0.73;0.075;0.648;0.064
t2d;random-forest;chi2;160;0.729;0.076;0.66;0.067
t2d;random-forest;chi2;170;0.737;0.078;0.686;0.056
t2d;random-forest;chi2;180;0.737;0.07;0.689;0.051
t2d;random-forest;chi2;190;0.733;0.072;0.677;0.058
t2d;random-forest;chi2;200;0.74;0.085;0.678;0.054
t2d;random-forest;multisurf;10;0.697;0.075;0.642;0.078
t2d;random-forest;multisurf;20;0.722;0.073;0.672;0.062
t2d;random-forest;multisurf;30;0.718;0.079;0.672;0.066
t2d;random-forest;multisurf;40;0.737;0.083;0.698;0.075
t2d;random-forest;multisurf;50;0.725;0.095;0.681;0.087
t2d;random-forest;multisurf;60;0.748;0.088;0.71;0.085
t2d;random-forest;multisurf;70;0.747;0.088;0.701;0.084
t2d;random-forest;multisurf;80;0.743;0.076;0.689;0.058
t2d;random-forest;multisurf;90;0.743;0.075;0.689;0.096
t2d;random-forest;multisurf;100;0.755;0.076;0.698;0.058
t2d;random-forest;multisurf;110;0.742;0.079;0.695;0.078
t2d;random-forest;multisurf;120;0.74;0.065;0.695;0.048
t2d;random-forest;multisurf;130;0.744;0.063;0.678;0.041
t2d;random-forest;multisurf;140;0.749;0.054;0.698;0.041
t2d;random-forest;multisurf;150;0.751;0.062;0.681;0.064
t2d;random-forest;multisurf;160;0.733;0.065;0.657;0.053
t2d;random-forest;multisurf;170;0.733;0.058;0.666;0.062
t2d;random-forest;multisurf;180;0.741;0.07;0.663;0.058
t2d;random-forest;multisurf;190;0.736;0.055;0.651;0.055
t2d;random-forest;multisurf;200;0.742;0.057;0.692;0.051
t2d;random-forest;boruta;16;0.795;0.076;0.721;0.072
obesity;random-forest;random-forest;10;0.678;0.064;0.68;0.097
obesity;random-forest;random-forest;20;0.703;0.081;0.684;0.07
obesity;random-forest;random-forest;30;0.712;0.074;0.676;0.036
obesity;random-forest;random-forest;40;0.715;0.103;0.703;0.029
obesity;random-forest;random-forest;50;0.711;0.101;0.676;0.037
obesity;random-forest;random-forest;60;0.689;0.086;0.664;0.037
obesity;random-forest;random-forest;70;0.692;0.09;0.668;0.047
obesity;random-forest;random-forest;80;0.666;0.103;0.664;0.024
obesity;random-forest;random-forest;90;0.7;0.112;0.672;0.041
obesity;random-forest;random-forest;100;0.687;0.098;0.632;0.036
obesity;random-forest;random-forest;110;0.675;0.085;0.66;0.039
obesity;random-forest;random-forest;120;0.669;0.133;0.652;0.046
obesity;random-forest;random-forest;130;0.677;0.113;0.672;0.049
obesity;random-forest;random-forest;140;0.656;0.1;0.668;0.038
obesity;random-forest;random-forest;150;0.678;0.09;0.664;0.043
obesity;random-forest;random-forest;160;0.656;0.102;0.676;0.031
obesity;random-forest;random-forest;170;0.669;0.102;0.648;0.035
obesity;random-forest;random-forest;180;0.654;0.063;0.645;0.025
obesity;random-forest;random-forest;190;0.651;0.076;0.676;0.042
obesity;random-forest;random-forest;200;0.648;0.1;0.664;0.045
obesity;random-forest;mrmr;10;0.67;0.096;0.66;0.048
obesity;random-forest;mrmr;20;0.7;0.092;0.688;0.058
obesity;random-forest;mrmr;30;0.733;0.067;0.723;0.049
obesity;random-forest;mrmr;40;0.752;0.08;0.703;0.05
obesity;random-forest;mrmr;50;0.732;0.094;0.707;0.043
obesity;random-forest;mrmr;60;0.738;0.097;0.695;0.077
obesity;random-forest;mrmr;70;0.758;0.087;0.71;0.083
obesity;random-forest;mrmr;80;0.759;0.094;0.714;0.093
obesity;random-forest;mrmr;90;0.736;0.084;0.715;0.059
obesity;random-forest;mrmr;100;0.723;0.091;0.695;0.072
obesity;random-forest;mrmr;110;0.73;0.107;0.691;0.065
obesity;random-forest;mrmr;120;0.736;0.093;0.71;0.068
obesity;random-forest;mrmr;130;0.741;0.069;0.703;0.06
obesity;random-forest;mrmr;140;0.723;0.082;0.703;0.057
obesity;random-forest;mrmr;150;0.726;0.074;0.699;0.054
obesity;random-forest;mrmr;160;0.715;0.063;0.691;0.056
obesity;random-forest;mrmr;170;0.716;0.075;0.688;0.037
obesity;random-forest;mrmr;180;0.71;0.1;0.703;0.049
obesity;random-forest;mrmr;190;0.731;0.078;0.702;0.068
obesity;random-forest;mrmr;200;0.723;0.088;0.711;0.042
obesity;random-forest;mutual-info;10;0.559;0.119;0.609;0.081
obesity;random-forest;mutual-info;20;0.589;0.142;0.621;0.078
obesity;random-forest;mutual-info;30;0.64;0.078;0.62;0.038
obesity;random-forest;mutual-info;40;0.682;0.075;0.66;0.055
obesity;random-forest;mutual-info;50;0.625;0.101;0.668;0.066
obesity;random-forest;mutual-info;60;0.647;0.138;0.688;0.065
obesity;random-forest;mutual-info;70;0.676;0.089;0.648;0.073
obesity;random-forest;mutual-info;80;0.634;0.09;0.668;0.057
obesity;random-forest;mutual-info;90;0.653;0.117;0.676;0.053
obesity;random-forest;mutual-info;100;0.657;0.105;0.668;0.053
obesity;random-forest;mutual-info;110;0.658;0.12;0.68;0.039
obesity;random-forest;mutual-info;120;0.677;0.125;0.664;0.065
obesity;random-forest;mutual-info;130;0.653;0.107;0.656;0.039
obesity;random-forest;mutual-info;140;0.655;0.108;0.68;0.055
obesity;random-forest;mutual-info;150;0.677;0.101;0.676;0.036
obesity;random-forest;mutual-info;160;0.643;0.109;0.66;0.054
obesity;random-forest;mutual-info;170;0.671;0.143;0.676;0.054
obesity;random-forest;mutual-info;180;0.648;0.123;0.656;0.032
obesity;random-forest;mutual-info;190;0.62;0.114;0.668;0.057
obesity;random-forest;mutual-info;200;0.661;0.107;0.664;0.048
obesity;random-forest;chi2;10;0.614;0.098;0.663;0.066
obesity;random-forest;chi2;20;0.641;0.081;0.636;0.072
obesity;random-forest;chi2;30;0.646;0.096;0.64;0.063
obesity;random-forest;chi2;40;0.657;0.096;0.628;0.063
obesity;random-forest;chi2;50;0.646;0.123;0.659;0.054
obesity;random-forest;chi2;60;0.668;0.105;0.652;0.044
obesity;random-forest;chi2;70;0.658;0.105;0.656;0.033
obesity;random-forest;chi2;80;0.663;0.094;0.676;0.044
obesity;random-forest;chi2;90;0.668;0.092;0.644;0.045
obesity;random-forest;chi2;100;0.671;0.103;0.664;0.054
obesity;random-forest;chi2;110;0.645;0.097;0.66;0.036
obesity;random-forest;chi2;120;0.656;0.114;0.652;0.049
obesity;random-forest;chi2;130;0.631;0.13;0.652;0.053
obesity;random-forest;chi2;140;0.644;0.117;0.66;0.038
obesity;random-forest;chi2;150;0.668;0.089;0.652;0.055
obesity;random-forest;chi2;160;0.646;0.116;0.668;0.04
obesity;random-forest;chi2;170;0.647;0.109;0.679;0.07
obesity;random-forest;chi2;180;0.639;0.129;0.652;0.052
obesity;random-forest;chi2;190;0.634;0.115;0.668;0.038
obesity;random-forest;chi2;200;0.655;0.12;0.656;0.026
obesity;random-forest;multisurf;10;0.662;0.12;0.649;0.071
obesity;random-forest;multisurf;20;0.678;0.11;0.652;0.084
obesity;random-forest;multisurf;30;0.678;0.128;0.64;0.081
obesity;random-forest;multisurf;40;0.673;0.116;0.668;0.059
obesity;random-forest;multisurf;50;0.668;0.126;0.659;0.063
obesity;random-forest;multisurf;60;0.669;0.115;0.675;0.047
obesity;random-forest;multisurf;70;0.669;0.131;0.648;0.038
obesity;random-forest;multisurf;80;0.666;0.144;0.679;0.061
obesity;random-forest;multisurf;90;0.676;0.117;0.675;0.054
obesity;random-forest;multisurf;100;0.673;0.12;0.679;0.06
obesity;random-forest;multisurf;110;0.67;0.111;0.656;0.036
obesity;random-forest;multisurf;120;0.664;0.121;0.652;0.038
obesity;random-forest;multisurf;130;0.676;0.096;0.652;0.034
obesity;random-forest;multisurf;140;0.703;0.099;0.664;0.03
obesity;random-forest;multisurf;150;0.684;0.093;0.644;0.028
obesity;random-forest;multisurf;160;0.676;0.084;0.636;0.038
obesity;random-forest;multisurf;170;0.688;0.09;0.656;0.037
obesity;random-forest;multisurf;180;0.692;0.106;0.656;0.03
obesity;random-forest;multisurf;190;0.671;0.109;0.637;0.036
obesity;random-forest;multisurf;200;0.701;0.094;0.66;0.033
obesity;random-forest;boruta;7;0.683;0.09;0.672;0.087
cirrhosis;random-forest;random-forest;10;0.93;0.052;0.854;0.057
cirrhosis;random-forest;random-forest;20;0.955;0.038;0.871;0.063
cirrhosis;random-forest;random-forest;30;0.954;0.041;0.875;0.067
cirrhosis;random-forest;random-forest;40;0.96;0.038;0.866;0.067
cirrhosis;random-forest;random-forest;50;0.959;0.038;0.867;0.064
cirrhosis;random-forest;random-forest;60;0.964;0.034;0.862;0.056
cirrhosis;random-forest;random-forest;70;0.96;0.037;0.875;0.07
cirrhosis;random-forest;random-forest;80;0.955;0.041;0.867;0.054
cirrhosis;random-forest;random-forest;90;0.957;0.039;0.88;0.065
cirrhosis;random-forest;random-forest;100;0.955;0.037;0.867;0.061
cirrhosis;random-forest;random-forest;110;0.959;0.036;0.862;0.056
cirrhosis;random-forest;random-forest;120;0.954;0.042;0.871;0.066
cirrhosis;random-forest;random-forest;130;0.954;0.038;0.862;0.059
cirrhosis;random-forest;random-forest;140;0.954;0.043;0.875;0.064
cirrhosis;random-forest;random-forest;150;0.949;0.048;0.858;0.06
cirrhosis;random-forest;random-forest;160;0.956;0.04;0.875;0.058
cirrhosis;random-forest;random-forest;170;0.952;0.047;0.871;0.066
cirrhosis;random-forest;random-forest;180;0.947;0.047;0.867;0.058
cirrhosis;random-forest;random-forest;190;0.951;0.041;0.875;0.067
cirrhosis;random-forest;random-forest;200;0.956;0.039;0.858;0.053
cirrhosis;random-forest;mrmr;10;0.931;0.03;0.845;0.046
cirrhosis;random-forest;mrmr;20;0.94;0.043;0.879;0.051
cirrhosis;random-forest;mrmr;30;0.944;0.038;0.884;0.05
cirrhosis;random-forest;mrmr;40;0.956;0.042;0.866;0.067
cirrhosis;random-forest;mrmr;50;0.951;0.04;0.871;0.059
cirrhosis;random-forest;mrmr;60;0.949;0.036;0.862;0.065
cirrhosis;random-forest;mrmr;70;0.948;0.041;0.862;0.062
cirrhosis;random-forest;mrmr;80;0.948;0.043;0.867;0.058
cirrhosis;random-forest;mrmr;90;0.952;0.04;0.862;0.062
cirrhosis;random-forest;mrmr;100;0.961;0.04;0.871;0.063
cirrhosis;random-forest;mrmr;110;0.959;0.037;0.88;0.062
cirrhosis;random-forest;mrmr;120;0.957;0.037;0.862;0.056
cirrhosis;random-forest;mrmr;130;0.955;0.037;0.858;0.053
cirrhosis;random-forest;mrmr;140;0.956;0.038;0.867;0.061
cirrhosis;random-forest;mrmr;150;0.958;0.04;0.858;0.06
cirrhosis;random-forest;mrmr;160;0.956;0.046;0.867;0.054
cirrhosis;random-forest;mrmr;170;0.957;0.034;0.866;0.054
cirrhosis;random-forest;mrmr;180;0.96;0.035;0.871;0.063
cirrhosis;random-forest;mrmr;190;0.959;0.039;0.88;0.062
cirrhosis;random-forest;mrmr;200;0.953;0.041;0.867;0.058
cirrhosis;random-forest;mutual-info;10;0.93;0.05;0.849;0.047
cirrhosis;random-forest;mutual-info;20;0.94;0.051;0.867;0.064
cirrhosis;random-forest;mutual-info;30;0.936;0.045;0.858;0.06
cirrhosis;random-forest;mutual-info;40;0.944;0.035;0.871;0.059
cirrhosis;random-forest;mutual-info;50;0.951;0.03;0.866;0.072
cirrhosis;random-forest;mutual-info;60;0.954;0.034;0.866;0.054
cirrhosis;random-forest;mutual-info;70;0.952;0.034;0.871;0.053
cirrhosis;random-forest;mutual-info;80;0.952;0.037;0.853;0.057
cirrhosis;random-forest;mutual-info;90;0.953;0.042;0.875;0.067
cirrhosis;random-forest;mutual-info;100;0.956;0.039;0.871;0.059
cirrhosis;random-forest;mutual-info;110;0.958;0.044;0.871;0.066
cirrhosis;random-forest;mutual-info;120;0.958;0.046;0.875;0.064
cirrhosis;random-forest;mutual-info;130;0.959;0.035;0.88;0.052
cirrhosis;random-forest;mutual-info;140;0.958;0.037;0.866;0.061
cirrhosis;random-forest;mutual-info;150;0.954;0.041;0.88;0.059
cirrhosis;random-forest;mutual-info;160;0.954;0.038;0.867;0.054
cirrhosis;random-forest;mutual-info;170;0.954;0.041;0.871;0.066
cirrhosis;random-forest;mutual-info;180;0.954;0.039;0.862;0.059
cirrhosis;random-forest;mutual-info;190;0.951;0.049;0.871;0.053
cirrhosis;random-forest;mutual-info;200;0.953;0.037;0.871;0.056
cirrhosis;random-forest;chi2;10;0.908;0.074;0.867;0.069
cirrhosis;random-forest;chi2;20;0.932;0.061;0.862;0.059
cirrhosis;random-forest;chi2;30;0.946;0.046;0.871;0.063
cirrhosis;random-forest;chi2;40;0.935;0.055;0.871;0.059
cirrhosis;random-forest;chi2;50;0.942;0.051;0.854;0.064
cirrhosis;random-forest;chi2;60;0.95;0.044;0.858;0.057
cirrhosis;random-forest;chi2;70;0.948;0.046;0.871;0.056
cirrhosis;random-forest;chi2;80;0.947;0.048;0.867;0.067
cirrhosis;random-forest;chi2;90;0.947;0.048;0.867;0.058
cirrhosis;random-forest;chi2;100;0.952;0.041;0.871;0.066
cirrhosis;random-forest;chi2;110;0.954;0.037;0.875;0.07
cirrhosis;random-forest;chi2;120;0.957;0.038;0.866;0.061
cirrhosis;random-forest;chi2;130;0.948;0.048;0.862;0.052
cirrhosis;random-forest;chi2;140;0.951;0.045;0.875;0.054
cirrhosis;random-forest;chi2;150;0.953;0.044;0.875;0.064
cirrhosis;random-forest;chi2;160;0.955;0.041;0.875;0.061
cirrhosis;random-forest;chi2;170;0.952;0.043;0.875;0.064
cirrhosis;random-forest;chi2;180;0.956;0.041;0.88;0.062
cirrhosis;random-forest;chi2;190;0.957;0.042;0.875;0.067
cirrhosis;random-forest;chi2;200;0.951;0.042;0.862;0.068
cirrhosis;random-forest;multisurf;10;0.86;0.086;0.785;0.069
cirrhosis;random-forest;multisurf;20;0.918;0.048;0.858;0.061
cirrhosis;random-forest;multisurf;30;0.943;0.046;0.875;0.041
cirrhosis;random-forest;multisurf;40;0.94;0.043;0.866;0.041
cirrhosis;random-forest;multisurf;50;0.942;0.046;0.862;0.041
cirrhosis;random-forest;multisurf;60;0.945;0.043;0.858;0.057
cirrhosis;random-forest;multisurf;70;0.937;0.048;0.849;0.058
cirrhosis;random-forest;multisurf;80;0.941;0.044;0.849;0.051
cirrhosis;random-forest;multisurf;90;0.94;0.045;0.858;0.057
cirrhosis;random-forest;multisurf;100;0.946;0.047;0.871;0.066
cirrhosis;random-forest;multisurf;110;0.944;0.042;0.862;0.056
cirrhosis;random-forest;multisurf;120;0.942;0.047;0.862;0.059
cirrhosis;random-forest;multisurf;130;0.946;0.043;0.867;0.051
cirrhosis;random-forest;multisurf;140;0.944;0.044;0.867;0.054
cirrhosis;random-forest;multisurf;150;0.946;0.041;0.867;0.047
cirrhosis;random-forest;multisurf;160;0.948;0.045;0.858;0.06
cirrhosis;random-forest;multisurf;170;0.945;0.048;0.871;0.059
cirrhosis;random-forest;multisurf;180;0.942;0.045;0.862;0.059
cirrhosis;random-forest;multisurf;190;0.949;0.045;0.867;0.061
cirrhosis;random-forest;multisurf;200;0.945;0.05;0.862;0.056
cirrhosis;random-forest;boruta;36;0.957;0.033;0.875;0.058
obesity;svm;random-forest;10;0.657;0.116;0.632;0.054
obesity;svm;random-forest;20;0.608;0.1;0.62;0.034
obesity;svm;random-forest;30;0.586;0.097;0.636;0.016
obesity;svm;random-forest;40;0.564;0.119;0.656;0.033
obesity;svm;random-forest;50;0.598;0.104;0.656;0.043
obesity;svm;random-forest;60;0.607;0.126;0.648;0.049
obesity;svm;random-forest;70;0.599;0.143;0.644;0.057
obesity;svm;random-forest;80;0.589;0.149;0.648;0.055
obesity;svm;random-forest;90;0.592;0.148;0.648;0.055
obesity;svm;random-forest;100;0.585;0.135;0.652;0.046
obesity;svm;random-forest;110;0.563;0.13;0.652;0.039
obesity;svm;random-forest;120;0.561;0.127;0.652;0.039
obesity;svm;random-forest;130;0.56;0.127;0.652;0.039
obesity;svm;random-forest;140;0.543;0.114;0.648;0.038
obesity;svm;random-forest;150;0.535;0.131;0.648;0.038
obesity;svm;random-forest;160;0.53;0.129;0.644;0.041
obesity;svm;random-forest;170;0.525;0.127;0.644;0.041
obesity;svm;random-forest;180;0.525;0.126;0.648;0.038
obesity;svm;random-forest;190;0.523;0.131;0.644;0.041
obesity;svm;random-forest;200;0.524;0.13;0.644;0.041
obesity;svm;mrmr;10;0.679;0.104;0.665;0.052
obesity;svm;mrmr;20;0.711;0.096;0.661;0.046
obesity;svm;mrmr;30;0.693;0.064;0.665;0.055
obesity;svm;mrmr;40;0.686;0.065;0.692;0.048
obesity;svm;mrmr;50;0.7;0.085;0.684;0.048
obesity;svm;mrmr;60;0.679;0.124;0.655;0.088
obesity;svm;mrmr;70;0.68;0.123;0.643;0.081
obesity;svm;mrmr;80;0.662;0.107;0.644;0.051
obesity;svm;mrmr;90;0.64;0.108;0.656;0.042
obesity;svm;mrmr;100;0.637;0.102;0.656;0.042
obesity;svm;mrmr;110;0.64;0.102;0.656;0.042
obesity;svm;mrmr;120;0.645;0.106;0.656;0.042
obesity;svm;mrmr;130;0.644;0.105;0.656;0.042
obesity;svm;mrmr;140;0.641;0.11;0.66;0.046
obesity;svm;mrmr;150;0.63;0.106;0.652;0.04
obesity;svm;mrmr;160;0.63;0.106;0.652;0.04
obesity;svm;mrmr;170;0.629;0.108;0.656;0.038
obesity;svm;mrmr;180;0.631;0.107;0.656;0.038
obesity;svm;mrmr;190;0.631;0.106;0.656;0.038
obesity;svm;mrmr;200;0.631;0.106;0.656;0.038
obesity;svm;mutual-info;10;0.544;0.147;0.652;0.025
obesity;svm;mutual-info;20;0.605;0.158;0.648;0.012
obesity;svm;mutual-info;30;0.612;0.139;0.648;0.012
obesity;svm;mutual-info;40;0.631;0.14;0.648;0.012
obesity;svm;mutual-info;50;0.572;0.138;0.644;0.019
obesity;svm;mutual-info;60;0.6;0.123;0.648;0.012
obesity;svm;mutual-info;70;0.536;0.105;0.648;0.012
obesity;svm;mutual-info;80;0.568;0.157;0.652;0.015
obesity;svm;mutual-info;90;0.563;0.113;0.648;0.012
obesity;svm;mutual-info;100;0.543;0.117;0.648;0.012
obesity;svm;mutual-info;110;0.526;0.063;0.648;0.012
obesity;svm;mutual-info;120;0.527;0.15;0.66;0.047
obesity;svm;mutual-info;130;0.578;0.153;0.64;0.037
obesity;svm;mutual-info;140;0.537;0.09;0.648;0.012
obesity;svm;mutual-info;150;0.544;0.108;0.644;0.019
obesity;svm;mutual-info;160;0.547;0.107;0.648;0.012
obesity;svm;mutual-info;170;0.557;0.125;0.64;0.023
obesity;svm;mutual-info;180;0.524;0.072;0.648;0.012
obesity;svm;mutual-info;190;0.532;0.116;0.648;0.012
obesity;svm;mutual-info;200;0.525;0.094;0.648;0.012
obesity;svm;chi2;10;0.601;0.115;0.64;0.04
obesity;svm;chi2;20;0.617;0.119;0.656;0.038
obesity;svm;chi2;30;0.624;0.108;0.652;0.041
obesity;svm;chi2;40;0.616;0.121;0.656;0.038
obesity;svm;chi2;50;0.619;0.131;0.648;0.035
obesity;svm;chi2;60;0.601;0.134;0.652;0.031
obesity;svm;chi2;70;0.596;0.135;0.652;0.031
obesity;svm;chi2;80;0.586;0.143;0.652;0.025
obesity;svm;chi2;90;0.571;0.124;0.648;0.03
obesity;svm;chi2;100;0.565;0.122;0.648;0.038
obesity;svm;chi2;110;0.562;0.124;0.648;0.038
obesity;svm;chi2;120;0.563;0.122;0.648;0.038
obesity;svm;chi2;130;0.564;0.124;0.648;0.038
obesity;svm;chi2;140;0.563;0.127;0.648;0.038
obesity;svm;chi2;150;0.563;0.127;0.648;0.038
obesity;svm;chi2;160;0.558;0.132;0.644;0.031
obesity;svm;chi2;170;0.554;0.134;0.648;0.038
obesity;svm;chi2;180;0.541;0.144;0.648;0.038
obesity;svm;chi2;190;0.54;0.145;0.648;0.038
obesity;svm;chi2;200;0.54;0.143;0.648;0.038
obesity;svm;multisurf;10;0.608;0.104;0.648;0.058
obesity;svm;multisurf;20;0.584;0.128;0.596;0.038
obesity;svm;multisurf;30;0.625;0.11;0.656;0.039
obesity;svm;multisurf;40;0.617;0.107;0.652;0.042
obesity;svm;multisurf;50;0.604;0.108;0.656;0.047
obesity;svm;multisurf;60;0.599;0.123;0.656;0.047
obesity;svm;multisurf;70;0.609;0.115;0.652;0.05
obesity;svm;multisurf;80;0.622;0.125;0.644;0.056
obesity;svm;multisurf;90;0.622;0.127;0.644;0.056
obesity;svm;multisurf;100;0.6;0.127;0.64;0.054
obesity;svm;multisurf;110;0.593;0.126;0.64;0.054
obesity;svm;multisurf;120;0.601;0.129;0.64;0.054
obesity;svm;multisurf;130;0.604;0.116;0.64;0.047
obesity;svm;multisurf;140;0.583;0.121;0.644;0.045
obesity;svm;multisurf;150;0.592;0.121;0.636;0.055
obesity;svm;multisurf;160;0.595;0.123;0.64;0.054
obesity;svm;multisurf;170;0.596;0.121;0.64;0.054
obesity;svm;multisurf;180;0.596;0.121;0.64;0.054
obesity;svm;multisurf;190;0.596;0.121;0.64;0.054
obesity;svm;multisurf;200;0.596;0.121;0.64;0.054
obesity;svm;boruta;6;0.65;0.083;0.644;0.03
cirrhosis;svm;random-forest;10;0.912;0.05;0.612;0.07
cirrhosis;svm;random-forest;20;0.929;0.059;0.63;0.063
cirrhosis;svm;random-forest;30;0.922;0.048;0.643;0.076
cirrhosis;svm;random-forest;40;0.836;0.099;0.651;0.113
cirrhosis;svm;random-forest;50;0.836;0.087;0.659;0.116
cirrhosis;svm;random-forest;60;0.806;0.098;0.694;0.122
cirrhosis;svm;random-forest;70;0.797;0.105;0.694;0.099
cirrhosis;svm;random-forest;80;0.818;0.097;0.729;0.092
cirrhosis;svm;random-forest;90;0.822;0.091;0.75;0.104
cirrhosis;svm;random-forest;100;0.816;0.093;0.746;0.098
cirrhosis;svm;random-forest;110;0.815;0.091;0.742;0.092
cirrhosis;svm;random-forest;120;0.82;0.09;0.741;0.088
cirrhosis;svm;random-forest;130;0.821;0.093;0.746;0.08
cirrhosis;svm;random-forest;140;0.819;0.093;0.746;0.08
cirrhosis;svm;random-forest;150;0.821;0.091;0.741;0.082
cirrhosis;svm;random-forest;160;0.823;0.092;0.742;0.086
cirrhosis;svm;random-forest;170;0.822;0.093;0.746;0.08
cirrhosis;svm;random-forest;180;0.82;0.092;0.75;0.076
cirrhosis;svm;random-forest;190;0.82;0.092;0.75;0.076
cirrhosis;svm;random-forest;200;0.822;0.093;0.746;0.093
cirrhosis;svm;mrmr;10;0.903;0.052;0.608;0.074
cirrhosis;svm;mrmr;20;0.918;0.044;0.668;0.07
cirrhosis;svm;mrmr;30;0.888;0.04;0.707;0.084
cirrhosis;svm;mrmr;40;0.897;0.037;0.712;0.078
cirrhosis;svm;mrmr;50;0.87;0.072;0.78;0.077
cirrhosis;svm;mrmr;60;0.858;0.065;0.763;0.071
cirrhosis;svm;mrmr;70;0.861;0.066;0.767;0.075
cirrhosis;svm;mrmr;80;0.864;0.059;0.763;0.087
cirrhosis;svm;mrmr;90;0.864;0.06;0.754;0.085
cirrhosis;svm;mrmr;100;0.866;0.067;0.759;0.089
cirrhosis;svm;mrmr;110;0.866;0.065;0.772;0.085
cirrhosis;svm;mrmr;120;0.864;0.063;0.772;0.092
cirrhosis;svm;mrmr;130;0.864;0.063;0.772;0.095
cirrhosis;svm;mrmr;140;0.866;0.062;0.763;0.094
cirrhosis;svm;mrmr;150;0.866;0.062;0.763;0.094
cirrhosis;svm;mrmr;160;0.862;0.061;0.763;0.085
cirrhosis;svm;mrmr;170;0.863;0.06;0.763;0.085
cirrhosis;svm;mrmr;180;0.865;0.061;0.759;0.081
cirrhosis;svm;mrmr;190;0.864;0.059;0.763;0.081
cirrhosis;svm;mrmr;200;0.863;0.059;0.759;0.081
cirrhosis;svm;mutual-info;10;0.93;0.039;0.608;0.062
cirrhosis;svm;mutual-info;20;0.921;0.048;0.616;0.062
cirrhosis;svm;mutual-info;30;0.904;0.058;0.647;0.08
cirrhosis;svm;mutual-info;40;0.894;0.054;0.651;0.081
cirrhosis;svm;mutual-info;50;0.889;0.055;0.656;0.067
cirrhosis;svm;mutual-info;60;0.894;0.051;0.656;0.067
cirrhosis;svm;mutual-info;70;0.897;0.053;0.656;0.067
cirrhosis;svm;mutual-info;80;0.885;0.054;0.677;0.081
cirrhosis;svm;mutual-info;90;0.899;0.054;0.656;0.067
cirrhosis;svm;mutual-info;100;0.89;0.053;0.668;0.07
cirrhosis;svm;mutual-info;110;0.884;0.058;0.698;0.069
cirrhosis;svm;mutual-info;120;0.874;0.056;0.729;0.086
cirrhosis;svm;mutual-info;130;0.871;0.056;0.742;0.087
cirrhosis;svm;mutual-info;140;0.836;0.083;0.746;0.076
cirrhosis;svm;mutual-info;150;0.869;0.057;0.729;0.086
cirrhosis;svm;mutual-info;160;0.855;0.088;0.755;0.095
cirrhosis;svm;mutual-info;170;0.83;0.102;0.75;0.07
cirrhosis;svm;mutual-info;180;0.843;0.087;0.745;0.078
cirrhosis;svm;mutual-info;190;0.829;0.104;0.741;0.103
cirrhosis;svm;mutual-info;200;0.832;0.101;0.741;0.104
cirrhosis;svm;chi2;10;0.843;0.053;0.721;0.1
cirrhosis;svm;chi2;20;0.862;0.067;0.759;0.089
cirrhosis;svm;chi2;30;0.836;0.083;0.763;0.09
cirrhosis;svm;chi2;40;0.844;0.085;0.768;0.086
cirrhosis;svm;chi2;50;0.837;0.092;0.763;0.091
cirrhosis;svm;chi2;60;0.844;0.088;0.755;0.085
cirrhosis;svm;chi2;70;0.847;0.088;0.755;0.085
cirrhosis;svm;chi2;80;0.844;0.08;0.755;0.085
cirrhosis;svm;chi2;90;0.844;0.081;0.755;0.085
cirrhosis;svm;chi2;100;0.843;0.084;0.755;0.077
cirrhosis;svm;chi2;110;0.843;0.085;0.755;0.077
cirrhosis;svm;chi2;120;0.844;0.085;0.755;0.077
cirrhosis;svm;chi2;130;0.841;0.082;0.754;0.075
cirrhosis;svm;chi2;140;0.832;0.087;0.746;0.085
cirrhosis;svm;chi2;150;0.831;0.088;0.746;0.085
cirrhosis;svm;chi2;160;0.831;0.087;0.746;0.085
cirrhosis;svm;chi2;170;0.831;0.087;0.746;0.085
cirrhosis;svm;chi2;180;0.831;0.087;0.746;0.085
cirrhosis;svm;chi2;190;0.826;0.089;0.746;0.085
cirrhosis;svm;chi2;200;0.826;0.089;0.746;0.085
cirrhosis;svm;multisurf;10;0.693;0.097;0.561;0.085
cirrhosis;svm;multisurf;20;0.712;0.1;0.629;0.044
cirrhosis;svm;multisurf;30;0.795;0.123;0.733;0.098
cirrhosis;svm;multisurf;40;0.788;0.122;0.72;0.094
cirrhosis;svm;multisurf;50;0.796;0.119;0.707;0.091
cirrhosis;svm;multisurf;60;0.782;0.114;0.707;0.091
cirrhosis;svm;multisurf;70;0.783;0.114;0.707;0.091
cirrhosis;svm;multisurf;80;0.785;0.112;0.707;0.095
cirrhosis;svm;multisurf;90;0.778;0.108;0.703;0.094
cirrhosis;svm;multisurf;100;0.776;0.108;0.703;0.084
cirrhosis;svm;multisurf;110;0.776;0.111;0.707;0.075
cirrhosis;svm;multisurf;120;0.775;0.11;0.694;0.076
cirrhosis;svm;multisurf;130;0.779;0.109;0.711;0.078
cirrhosis;svm;multisurf;140;0.788;0.101;0.724;0.076
cirrhosis;svm;multisurf;150;0.788;0.101;0.724;0.076
cirrhosis;svm;multisurf;160;0.801;0.091;0.715;0.078
cirrhosis;svm;multisurf;170;0.797;0.093;0.715;0.078
cirrhosis;svm;multisurf;180;0.799;0.089;0.715;0.078
cirrhosis;svm;multisurf;190;0.799;0.091;0.72;0.076
cirrhosis;svm;multisurf;200;0.799;0.091;0.72;0.076
cirrhosis;svm;boruta;36;0.921;0.044;0.643;0.076
t2d;svm;mrmr;10;0.656;0.082;0.523;0.027
t2d;svm;mrmr;20;0.7;0.108;0.631;0.077
t2d;svm;mrmr;30;0.729;0.118;0.672;0.086
t2d;svm;mrmr;40;0.728;0.119;0.672;0.081
t2d;svm;mrmr;50;0.741;0.116;0.669;0.091
t2d;svm;mrmr;60;0.741;0.119;0.669;0.093
t2d;svm;mrmr;70;0.742;0.118;0.66;0.083
t2d;svm;mrmr;80;0.743;0.113;0.669;0.084
t2d;svm;mrmr;90;0.743;0.113;0.669;0.084
t2d;svm;mrmr;100;0.75;0.108;0.66;0.062
t2d;svm;mrmr;110;0.75;0.108;0.66;0.062
t2d;svm;mrmr;120;0.749;0.108;0.66;0.062
t2d;svm;mrmr;130;0.75;0.108;0.663;0.062
t2d;svm;mrmr;140;0.755;0.103;0.683;0.077
t2d;svm;mrmr;150;0.751;0.102;0.686;0.068
t2d;svm;mrmr;160;0.752;0.102;0.678;0.075
t2d;svm;mrmr;170;0.75;0.107;0.683;0.073
t2d;svm;mrmr;180;0.749;0.107;0.683;0.073
t2d;svm;mrmr;190;0.75;0.103;0.683;0.074
t2d;svm;mrmr;200;0.751;0.103;0.68;0.072
t2d;svm;mutual-info;10;0.524;0.109;0.506;0.007
t2d;svm;mutual-info;20;0.643;0.105;0.52;0.082
t2d;svm;mutual-info;30;0.637;0.112;0.503;0.029
t2d;svm;mutual-info;40;0.614;0.112;0.506;0.03
t2d;svm;mutual-info;50;0.604;0.091;0.497;0.038
t2d;svm;mutual-info;60;0.636;0.095;0.5;0.036
t2d;svm;mutual-info;70;0.674;0.113;0.619;0.082
t2d;svm;mutual-info;80;0.686;0.11;0.625;0.075
t2d;svm;mutual-info;90;0.692;0.107;0.619;0.075
t2d;svm;mutual-info;100;0.68;0.114;0.61;0.078
t2d;svm;mutual-info;110;0.674;0.101;0.622;0.084
t2d;svm;mutual-info;120;0.682;0.106;0.611;0.098
t2d;svm;mutual-info;130;0.695;0.114;0.646;0.079
t2d;svm;mutual-info;140;0.658;0.098;0.602;0.07
t2d;svm;mutual-info;150;0.695;0.114;0.631;0.098
t2d;svm;mutual-info;160;0.731;0.113;0.677;0.066
t2d;svm;mutual-info;170;0.696;0.123;0.625;0.078
t2d;svm;mutual-info;180;0.702;0.114;0.643;0.1
t2d;svm;mutual-info;190;0.687;0.133;0.637;0.093
t2d;svm;mutual-info;200;0.703;0.127;0.652;0.099
t2d;svm;chi2;10;0.726;0.112;0.651;0.082
t2d;svm;chi2;20;0.737;0.103;0.663;0.081
t2d;svm;chi2;30;0.747;0.098;0.675;0.091
t2d;svm;chi2;40;0.745;0.101;0.666;0.098
t2d;svm;chi2;50;0.75;0.102;0.669;0.095
t2d;svm;chi2;60;0.741;0.112;0.678;0.094
t2d;svm;chi2;70;0.744;0.11;0.677;0.095
t2d;svm;chi2;80;0.742;0.11;0.677;0.095
t2d;svm;chi2;90;0.742;0.113;0.675;0.102
t2d;svm;chi2;100;0.738;0.114;0.666;0.111
t2d;svm;chi2;110;0.736;0.112;0.675;0.101
t2d;svm;chi2;120;0.734;0.111;0.675;0.101
t2d;svm;chi2;130;0.728;0.115;0.669;0.092
t2d;svm;chi2;140;0.726;0.116;0.669;0.092
t2d;svm;chi2;150;0.727;0.116;0.666;0.09
t2d;svm;chi2;160;0.727;0.117;0.666;0.09
t2d;svm;chi2;170;0.727;0.117;0.669;0.092
t2d;svm;chi2;180;0.726;0.115;0.669;0.092
t2d;svm;chi2;190;0.726;0.116;0.669;0.092
t2d;svm;chi2;200;0.726;0.116;0.669;0.092
t2d;svm;multisurf;10;0.651;0.138;0.596;0.107
t2d;svm;multisurf;20;0.677;0.145;0.608;0.107
t2d;svm;multisurf;30;0.689;0.124;0.634;0.083
t2d;svm;multisurf;40;0.704;0.117;0.657;0.096
t2d;svm;multisurf;50;0.707;0.117;0.672;0.089
t2d;svm;multisurf;60;0.707;0.123;0.686;0.097
t2d;svm;multisurf;70;0.706;0.121;0.692;0.09
t2d;svm;multisurf;80;0.713;0.103;0.678;0.086
t2d;svm;multisurf;90;0.711;0.112;0.663;0.106
t2d;svm;multisurf;100;0.71;0.113;0.663;0.106
t2d;svm;multisurf;110;0.715;0.118;0.663;0.106
t2d;svm;multisurf;120;0.714;0.119;0.666;0.108
t2d;svm;multisurf;130;0.711;0.111;0.657;0.092
t2d;svm;multisurf;140;0.711;0.111;0.657;0.092
t2d;svm;multisurf;150;0.711;0.117;0.663;0.088
t2d;svm;multisurf;160;0.714;0.115;0.666;0.091
t2d;svm;multisurf;170;0.714;0.115;0.666;0.091
t2d;svm;multisurf;180;0.715;0.114;0.663;0.092
t2d;svm;multisurf;190;0.709;0.117;0.657;0.085
t2d;svm;multisurf;200;0.709;0.117;0.657;0.085
t2d;svm;boruta;16;0.673;0.103;0.622;0.044
t2d;svm;random-forest;10;0.666;0.095;0.625;0.071
t2d;svm;random-forest;20;0.683;0.115;0.646;0.074
t2d;svm;random-forest;30;0.714;0.077;0.668;0.066
t2d;svm;random-forest;40;0.711;0.081;0.663;0.062
t2d;svm;random-forest;50;0.7;0.091;0.662;0.071
t2d;svm;random-forest;60;0.705;0.092;0.659;0.072
t2d;svm;random-forest;70;0.703;0.09;0.654;0.066
t2d;svm;random-forest;80;0.706;0.097;0.631;0.082
t2d;svm;random-forest;90;0.71;0.093;0.651;0.077
t2d;svm;random-forest;100;0.705;0.091;0.665;0.069
t2d;svm;random-forest;110;0.709;0.095;0.654;0.075
t2d;svm;random-forest;120;0.72;0.112;0.666;0.087
t2d;svm;random-forest;130;0.728;0.11;0.663;0.07
t2d;svm;random-forest;140;0.728;0.108;0.666;0.082
t2d;svm;random-forest;150;0.728;0.11;0.666;0.082
t2d;svm;random-forest;160;0.726;0.116;0.666;0.094
t2d;svm;random-forest;170;0.726;0.116;0.666;0.094
t2d;svm;random-forest;180;0.728;0.116;0.666;0.094
t2d;svm;random-forest;190;0.728;0.113;0.674;0.093
t2d;svm;random-forest;200;0.726;0.114;0.672;0.09
t2d;naive-bayes;random-forest;10;0.726;0.078;0.607;0.061
t2d;naive-bayes;random-forest;20;0.733;0.099;0.669;0.087
t2d;naive-bayes;random-forest;30;0.723;0.064;0.66;0.084
t2d;naive-bayes;random-forest;40;0.723;0.078;0.66;0.085
t2d;naive-bayes;random-forest;50;0.724;0.082;0.66;0.083
t2d;naive-bayes;random-forest;60;0.703;0.085;0.637;0.082
t2d;naive-bayes;random-forest;70;0.71;0.095;0.654;0.078
t2d;naive-bayes;random-forest;80;0.694;0.088;0.648;0.077
t2d;naive-bayes;random-forest;90;0.702;0.085;0.663;0.071
t2d;naive-bayes;random-forest;100;0.692;0.08;0.663;0.076
t2d;naive-bayes;random-forest;110;0.7;0.081;0.663;0.075
t2d;naive-bayes;random-forest;120;0.708;0.097;0.648;0.077
t2d;naive-bayes;random-forest;130;0.702;0.093;0.651;0.075
t2d;naive-bayes;random-forest;140;0.692;0.096;0.637;0.077
t2d;naive-bayes;random-forest;150;0.703;0.105;0.654;0.089
t2d;naive-bayes;random-forest;160;0.696;0.1;0.651;0.089
t2d;naive-bayes;random-forest;170;0.696;0.101;0.657;0.102
t2d;naive-bayes;random-forest;180;0.698;0.102;0.651;0.088
t2d;naive-bayes;random-forest;190;0.68;0.103;0.637;0.088
t2d;naive-bayes;random-forest;200;0.678;0.104;0.634;0.082
t2d;naive-bayes;mrmr;10;0.731;0.093;0.616;0.071
t2d;naive-bayes;mrmr;20;0.778;0.084;0.671;0.056
t2d;naive-bayes;mrmr;30;0.802;0.072;0.701;0.056
t2d;naive-bayes;mrmr;40;0.81;0.063;0.733;0.047
t2d;naive-bayes;mrmr;50;0.82;0.079;0.73;0.056
t2d;naive-bayes;mrmr;60;0.825;0.075;0.742;0.057
t2d;naive-bayes;mrmr;70;0.829;0.076;0.735;0.055
t2d;naive-bayes;mrmr;80;0.831;0.069;0.741;0.058
t2d;naive-bayes;mrmr;90;0.826;0.066;0.756;0.052
t2d;naive-bayes;mrmr;100;0.833;0.061;0.759;0.055
t2d;naive-bayes;mrmr;110;0.838;0.063;0.75;0.068
t2d;naive-bayes;mrmr;120;0.832;0.067;0.742;0.077
t2d;naive-bayes;mrmr;130;0.83;0.07;0.744;0.087
t2d;naive-bayes;mrmr;140;0.825;0.06;0.736;0.077
t2d;naive-bayes;mrmr;150;0.815;0.06;0.738;0.081
t2d;naive-bayes;mrmr;160;0.818;0.057;0.739;0.077
t2d;naive-bayes;mrmr;170;0.815;0.055;0.739;0.076
t2d;naive-bayes;mrmr;180;0.804;0.049;0.73;0.069
t2d;naive-bayes;mrmr;190;0.808;0.057;0.73;0.059
t2d;naive-bayes;mrmr;200;0.808;0.055;0.727;0.052
t2d;naive-bayes;mutual-info;10;0.635;0.105;0.567;0.039
t2d;naive-bayes;mutual-info;20;0.669;0.088;0.579;0.077
t2d;naive-bayes;mutual-info;30;0.679;0.119;0.576;0.063
t2d;naive-bayes;mutual-info;40;0.657;0.061;0.581;0.059
t2d;naive-bayes;mutual-info;50;0.612;0.062;0.572;0.063
t2d;naive-bayes;mutual-info;60;0.634;0.084;0.593;0.087
t2d;naive-bayes;mutual-info;70;0.697;0.099;0.616;0.064
t2d;naive-bayes;mutual-info;80;0.635;0.094;0.587;0.063
t2d;naive-bayes;mutual-info;90;0.649;0.086;0.587;0.069
t2d;naive-bayes;mutual-info;100;0.611;0.076;0.578;0.044
t2d;naive-bayes;mutual-info;110;0.685;0.107;0.631;0.097
t2d;naive-bayes;mutual-info;120;0.673;0.045;0.631;0.048
t2d;naive-bayes;mutual-info;130;0.61;0.073;0.543;0.057
t2d;naive-bayes;mutual-info;140;0.698;0.107;0.648;0.108
t2d;naive-bayes;mutual-info;150;0.669;0.084;0.639;0.086
t2d;naive-bayes;mutual-info;160;0.674;0.068;0.619;0.078
t2d;naive-bayes;mutual-info;170;0.644;0.105;0.613;0.093
t2d;naive-bayes;mutual-info;180;0.669;0.086;0.637;0.071
t2d;naive-bayes;mutual-info;190;0.68;0.124;0.625;0.096
t2d;naive-bayes;mutual-info;200;0.694;0.116;0.633;0.08
t2d;naive-bayes;chi2;10;0.731;0.092;0.599;0.038
t2d;naive-bayes;chi2;20;0.758;0.09;0.634;0.078
t2d;naive-bayes;chi2;30;0.772;0.09;0.672;0.06
t2d;naive-bayes;chi2;40;0.771;0.092;0.655;0.06
t2d;naive-bayes;chi2;50;0.767;0.098;0.669;0.078
t2d;naive-bayes;chi2;60;0.765;0.096;0.681;0.072
t2d;naive-bayes;chi2;70;0.776;0.084;0.695;0.089
t2d;naive-bayes;chi2;80;0.779;0.087;0.695;0.098
t2d;naive-bayes;chi2;90;0.776;0.087;0.695;0.085
t2d;naive-bayes;chi2;100;0.765;0.102;0.698;0.099
t2d;naive-bayes;chi2;110;0.756;0.092;0.683;0.096
t2d;naive-bayes;chi2;120;0.759;0.096;0.68;0.093
t2d;naive-bayes;chi2;130;0.745;0.094;0.68;0.084
t2d;naive-bayes;chi2;140;0.744;0.099;0.671;0.094
t2d;naive-bayes;chi2;150;0.761;0.083;0.686;0.082
t2d;naive-bayes;chi2;160;0.75;0.083;0.68;0.08
t2d;naive-bayes;chi2;170;0.74;0.085;0.666;0.077
t2d;naive-bayes;chi2;180;0.739;0.084;0.663;0.085
t2d;naive-bayes;chi2;190;0.716;0.095;0.66;0.082
t2d;naive-bayes;chi2;200;0.731;0.075;0.669;0.076
t2d;naive-bayes;multisurf;10;0.712;0.108;0.645;0.074
t2d;naive-bayes;multisurf;20;0.721;0.096;0.654;0.066
t2d;naive-bayes;multisurf;30;0.711;0.084;0.678;0.067
t2d;naive-bayes;multisurf;40;0.69;0.08;0.654;0.055
t2d;naive-bayes;multisurf;50;0.663;0.093;0.64;0.055
t2d;naive-bayes;multisurf;60;0.662;0.108;0.663;0.079
t2d;naive-bayes;multisurf;70;0.668;0.1;0.663;0.057
t2d;naive-bayes;multisurf;80;0.641;0.103;0.646;0.075
t2d;naive-bayes;multisurf;90;0.64;0.077;0.604;0.047
t2d;naive-bayes;multisurf;100;0.624;0.089;0.587;0.056
t2d;naive-bayes;multisurf;110;0.612;0.098;0.578;0.06
t2d;naive-bayes;multisurf;120;0.616;0.09;0.578;0.052
t2d;naive-bayes;multisurf;130;0.605;0.08;0.576;0.04
t2d;naive-bayes;multisurf;140;0.606;0.07;0.582;0.04
t2d;naive-bayes;multisurf;150;0.615;0.067;0.578;0.043
t2d;naive-bayes;multisurf;160;0.638;0.08;0.599;0.051
t2d;naive-bayes;multisurf;170;0.643;0.083;0.602;0.047
t2d;naive-bayes;multisurf;180;0.624;0.089;0.596;0.067
t2d;naive-bayes;multisurf;190;0.614;0.091;0.596;0.063
t2d;naive-bayes;multisurf;200;0.623;0.089;0.59;0.071
t2d;naive-bayes;boruta;16;0.693;0.126;0.61;0.066
obesity;naive-bayes;random-forest;10;0.648;0.104;0.668;0.068
obesity;naive-bayes;random-forest;20;0.643;0.149;0.663;0.121
obesity;naive-bayes;random-forest;30;0.666;0.151;0.668;0.106
obesity;naive-bayes;random-forest;40;0.647;0.111;0.632;0.078
obesity;naive-bayes;random-forest;50;0.61;0.142;0.635;0.1
obesity;naive-bayes;random-forest;60;0.577;0.152;0.576;0.108
obesity;naive-bayes;random-forest;70;0.59;0.145;0.588;0.102
obesity;naive-bayes;random-forest;80;0.586;0.143;0.588;0.095
obesity;naive-bayes;random-forest;90;0.569;0.121;0.608;0.088
obesity;naive-bayes;random-forest;100;0.557;0.121;0.564;0.076
obesity;naive-bayes;random-forest;110;0.529;0.148;0.58;0.121
obesity;naive-bayes;random-forest;120;0.546;0.152;0.56;0.128
obesity;naive-bayes;random-forest;130;0.524;0.137;0.536;0.129
obesity;naive-bayes;random-forest;140;0.495;0.118;0.521;0.113
obesity;naive-bayes;random-forest;150;0.509;0.127;0.528;0.131
obesity;naive-bayes;random-forest;160;0.476;0.148;0.497;0.14
obesity;naive-bayes;random-forest;170;0.507;0.141;0.521;0.131
obesity;naive-bayes;random-forest;180;0.507;0.137;0.485;0.126
obesity;naive-bayes;random-forest;190;0.55;0.108;0.497;0.115
obesity;naive-bayes;random-forest;200;0.539;0.117;0.498;0.111
obesity;naive-bayes;mrmr;10;0.721;0.08;0.719;0.034
obesity;naive-bayes;mrmr;20;0.641;0.052;0.736;0.041
obesity;naive-bayes;mrmr;30;0.654;0.062;0.736;0.051
obesity;naive-bayes;mrmr;40;0.647;0.069;0.72;0.068
obesity;naive-bayes;mrmr;50;0.653;0.084;0.724;0.085
obesity;naive-bayes;mrmr;60;0.681;0.071;0.724;0.058
obesity;naive-bayes;mrmr;70;0.658;0.063;0.72;0.066
obesity;naive-bayes;mrmr;80;0.669;0.065;0.735;0.052
obesity;naive-bayes;mrmr;90;0.692;0.059;0.739;0.052
obesity;naive-bayes;mrmr;100;0.687;0.054;0.739;0.055
obesity;naive-bayes;mrmr;110;0.689;0.057;0.731;0.046
obesity;naive-bayes;mrmr;120;0.682;0.068;0.723;0.056
obesity;naive-bayes;mrmr;130;0.71;0.089;0.712;0.045
obesity;naive-bayes;mrmr;140;0.704;0.108;0.703;0.043
obesity;naive-bayes;mrmr;150;0.702;0.113;0.703;0.052
obesity;naive-bayes;mrmr;160;0.701;0.117;0.711;0.057
obesity;naive-bayes;mrmr;170;0.693;0.107;0.703;0.08
obesity;naive-bayes;mrmr;180;0.699;0.101;0.639;0.112
obesity;naive-bayes;mrmr;190;0.706;0.094;0.604;0.126
obesity;naive-bayes;mrmr;200;0.7;0.11;0.588;0.131
obesity;naive-bayes;mutual-info;10;0.544;0.114;0.387;0.05
obesity;naive-bayes;mutual-info;20;0.619;0.121;0.423;0.088
obesity;naive-bayes;mutual-info;30;0.562;0.17;0.492;0.112
obesity;naive-bayes;mutual-info;40;0.583;0.147;0.415;0.055
obesity;naive-bayes;mutual-info;50;0.597;0.114;0.588;0.093
obesity;naive-bayes;mutual-info;60;0.592;0.123;0.451;0.064
obesity;naive-bayes;mutual-info;70;0.52;0.144;0.43;0.087
obesity;naive-bayes;mutual-info;80;0.602;0.084;0.45;0.054
obesity;naive-bayes;mutual-info;90;0.642;0.058;0.466;0.08
obesity;naive-bayes;mutual-info;100;0.618;0.103;0.497;0.058
obesity;naive-bayes;mutual-info;110;0.572;0.097;0.411;0.037
obesity;naive-bayes;mutual-info;120;0.546;0.13;0.443;0.078
obesity;naive-bayes;mutual-info;130;0.511;0.133;0.411;0.054
obesity;naive-bayes;mutual-info;140;0.579;0.094;0.49;0.072
obesity;naive-bayes;mutual-info;150;0.452;0.154;0.374;0.096
obesity;naive-bayes;mutual-info;160;0.509;0.144;0.43;0.097
obesity;naive-bayes;mutual-info;170;0.594;0.116;0.517;0.121
obesity;naive-bayes;mutual-info;180;0.578;0.097;0.458;0.059
obesity;naive-bayes;mutual-info;190;0.543;0.11;0.481;0.099
obesity;naive-bayes;mutual-info;200;0.527;0.103;0.462;0.117
obesity;naive-bayes;chi2;10;0.652;0.104;0.679;0.073
obesity;naive-bayes;chi2;20;0.693;0.089;0.683;0.063
obesity;naive-bayes;chi2;30;0.659;0.138;0.632;0.103
obesity;naive-bayes;chi2;40;0.647;0.12;0.655;0.103
obesity;naive-bayes;chi2;50;0.634;0.126;0.652;0.077
obesity;naive-bayes;chi2;60;0.633;0.121;0.624;0.121
obesity;naive-bayes;chi2;70;0.603;0.113;0.612;0.101
obesity;naive-bayes;chi2;80;0.595;0.114;0.589;0.108
obesity;naive-bayes;chi2;90;0.589;0.095;0.581;0.102
obesity;naive-bayes;chi2;100;0.597;0.093;0.513;0.097
obesity;naive-bayes;chi2;110;0.6;0.101;0.537;0.095
obesity;naive-bayes;chi2;120;0.624;0.092;0.533;0.087
obesity;naive-bayes;chi2;130;0.606;0.094;0.533;0.092
obesity;naive-bayes;chi2;140;0.6;0.104;0.545;0.09
obesity;naive-bayes;chi2;150;0.597;0.089;0.529;0.081
obesity;naive-bayes;chi2;160;0.59;0.084;0.517;0.085
obesity;naive-bayes;chi2;170;0.591;0.079;0.537;0.079
obesity;naive-bayes;chi2;180;0.576;0.076;0.525;0.102
obesity;naive-bayes;chi2;190;0.58;0.079;0.529;0.08
obesity;naive-bayes;chi2;200;0.577;0.086;0.529;0.093
obesity;naive-bayes;multisurf;10;0.598;0.16;0.494;0.142
obesity;naive-bayes;multisurf;20;0.549;0.146;0.487;0.102
obesity;naive-bayes;multisurf;30;0.566;0.153;0.454;0.119
obesity;naive-bayes;multisurf;40;0.555;0.11;0.43;0.153
obesity;naive-bayes;multisurf;50;0.565;0.087;0.635;0.116
obesity;naive-bayes;multisurf;60;0.541;0.072;0.522;0.121
obesity;naive-bayes;multisurf;70;0.506;0.061;0.564;0.126
obesity;naive-bayes;multisurf;80;0.509;0.077;0.517;0.1
obesity;naive-bayes;multisurf;90;0.518;0.067;0.454;0.09
obesity;naive-bayes;multisurf;100;0.512;0.084;0.541;0.109
obesity;naive-bayes;multisurf;110;0.502;0.087;0.505;0.117
obesity;naive-bayes;multisurf;120;0.459;0.082;0.481;0.109
obesity;naive-bayes;multisurf;130;0.471;0.096;0.474;0.103
obesity;naive-bayes;multisurf;140;0.499;0.092;0.609;0.086
obesity;naive-bayes;multisurf;150;0.456;0.086;0.485;0.135
obesity;naive-bayes;multisurf;160;0.466;0.073;0.438;0.114
obesity;naive-bayes;multisurf;170;0.458;0.08;0.41;0.105
obesity;naive-bayes;multisurf;180;0.464;0.08;0.41;0.096
obesity;naive-bayes;multisurf;190;0.459;0.081;0.407;0.078
obesity;naive-bayes;multisurf;200;0.462;0.092;0.395;0.069
obesity;naive-bayes;boruta;7;0.636;0.134;0.656;0.059
cirrhosis;naive-bayes;random-forest;10;0.895;0.09;0.776;0.09
cirrhosis;naive-bayes;random-forest;20;0.886;0.056;0.789;0.093
cirrhosis;naive-bayes;random-forest;30;0.882;0.056;0.802;0.084
cirrhosis;naive-bayes;random-forest;40;0.872;0.065;0.797;0.093
cirrhosis;naive-bayes;random-forest;50;0.858;0.053;0.806;0.086
cirrhosis;naive-bayes;random-forest;60;0.845;0.072;0.806;0.086
cirrhosis;naive-bayes;random-forest;70;0.844;0.072;0.806;0.08
cirrhosis;naive-bayes;random-forest;80;0.848;0.074;0.815;0.071
cirrhosis;naive-bayes;random-forest;90;0.866;0.061;0.832;0.059
cirrhosis;naive-bayes;random-forest;100;0.873;0.071;0.836;0.071
cirrhosis;naive-bayes;random-forest;110;0.869;0.078;0.828;0.074
cirrhosis;naive-bayes;random-forest;120;0.863;0.064;0.824;0.067
cirrhosis;naive-bayes;random-forest;130;0.858;0.062;0.832;0.081
cirrhosis;naive-bayes;random-forest;140;0.854;0.049;0.828;0.075
cirrhosis;naive-bayes;random-forest;150;0.855;0.054;0.824;0.079
cirrhosis;naive-bayes;random-forest;160;0.85;0.051;0.819;0.08
cirrhosis;naive-bayes;random-forest;170;0.842;0.063;0.82;0.077
cirrhosis;naive-bayes;random-forest;180;0.856;0.071;0.837;0.083
cirrhosis;naive-bayes;random-forest;190;0.849;0.077;0.828;0.098
cirrhosis;naive-bayes;random-forest;200;0.845;0.084;0.833;0.102
cirrhosis;naive-bayes;mrmr;10;0.892;0.055;0.759;0.085
cirrhosis;naive-bayes;mrmr;20;0.905;0.034;0.811;0.053
cirrhosis;naive-bayes;mrmr;30;0.911;0.038;0.807;0.071
cirrhosis;naive-bayes;mrmr;40;0.911;0.039;0.819;0.06
cirrhosis;naive-bayes;mrmr;50;0.886;0.042;0.823;0.071
cirrhosis;naive-bayes;mrmr;60;0.882;0.036;0.832;0.071
cirrhosis;naive-bayes;mrmr;70;0.878;0.043;0.867;0.056
cirrhosis;naive-bayes;mrmr;80;0.88;0.047;0.858;0.065
cirrhosis;naive-bayes;mrmr;90;0.881;0.048;0.853;0.059
cirrhosis;naive-bayes;mrmr;100;0.895;0.051;0.871;0.055
cirrhosis;naive-bayes;mrmr;110;0.892;0.058;0.871;0.061
cirrhosis;naive-bayes;mrmr;120;0.892;0.049;0.871;0.061
cirrhosis;naive-bayes;mrmr;130;0.887;0.054;0.875;0.056
cirrhosis;naive-bayes;mrmr;140;0.889;0.045;0.875;0.063
cirrhosis;naive-bayes;mrmr;150;0.897;0.047;0.884;0.067
cirrhosis;naive-bayes;mrmr;160;0.897;0.047;0.888;0.062
cirrhosis;naive-bayes;mrmr;170;0.9;0.052;0.884;0.067
cirrhosis;naive-bayes;mrmr;180;0.898;0.068;0.888;0.073
cirrhosis;naive-bayes;mrmr;190;0.895;0.068;0.879;0.072
cirrhosis;naive-bayes;mrmr;200;0.889;0.06;0.875;0.063
cirrhosis;naive-bayes;mutual-info;10;0.891;0.073;0.776;0.098
cirrhosis;naive-bayes;mutual-info;20;0.852;0.063;0.815;0.079
cirrhosis;naive-bayes;mutual-info;30;0.86;0.074;0.819;0.067
cirrhosis;naive-bayes;mutual-info;40;0.852;0.069;0.832;0.065
cirrhosis;naive-bayes;mutual-info;50;0.841;0.053;0.828;0.054
cirrhosis;naive-bayes;mutual-info;60;0.859;0.069;0.84;0.073
cirrhosis;naive-bayes;mutual-info;70;0.83;0.066;0.815;0.063
cirrhosis;naive-bayes;mutual-info;80;0.834;0.064;0.814;0.067
cirrhosis;naive-bayes;mutual-info;90;0.817;0.063;0.798;0.074
cirrhosis;naive-bayes;mutual-info;100;0.846;0.081;0.819;0.099
cirrhosis;naive-bayes;mutual-info;110;0.828;0.078;0.81;0.083
cirrhosis;naive-bayes;mutual-info;120;0.848;0.071;0.836;0.079
cirrhosis;naive-bayes;mutual-info;130;0.832;0.052;0.814;0.073
cirrhosis;naive-bayes;mutual-info;140;0.815;0.073;0.802;0.079
cirrhosis;naive-bayes;mutual-info;150;0.842;0.062;0.836;0.063
cirrhosis;naive-bayes;mutual-info;160;0.835;0.09;0.828;0.087
cirrhosis;naive-bayes;mutual-info;170;0.814;0.075;0.806;0.078
cirrhosis;naive-bayes;mutual-info;180;0.829;0.068;0.806;0.077
cirrhosis;naive-bayes;mutual-info;190;0.858;0.064;0.845;0.083
cirrhosis;naive-bayes;mutual-info;200;0.867;0.057;0.849;0.055
cirrhosis;naive-bayes;chi2;10;0.872;0.067;0.772;0.06
cirrhosis;naive-bayes;chi2;20;0.901;0.052;0.811;0.074
cirrhosis;naive-bayes;chi2;30;0.906;0.064;0.811;0.057
cirrhosis;naive-bayes;chi2;40;0.89;0.059;0.815;0.059
cirrhosis;naive-bayes;chi2;50;0.887;0.061;0.824;0.073
cirrhosis;naive-bayes;chi2;60;0.879;0.071;0.828;0.082
cirrhosis;naive-bayes;chi2;70;0.855;0.065;0.82;0.071
cirrhosis;naive-bayes;chi2;80;0.839;0.063;0.811;0.07
cirrhosis;naive-bayes;chi2;90;0.842;0.047;0.823;0.052
cirrhosis;naive-bayes;chi2;100;0.836;0.053;0.815;0.061
cirrhosis;naive-bayes;chi2;110;0.822;0.06;0.798;0.066
cirrhosis;naive-bayes;chi2;120;0.827;0.057;0.806;0.066
cirrhosis;naive-bayes;chi2;130;0.842;0.062;0.832;0.075
cirrhosis;naive-bayes;chi2;140;0.847;0.055;0.836;0.071
cirrhosis;naive-bayes;chi2;150;0.822;0.07;0.819;0.074
cirrhosis;naive-bayes;chi2;160;0.832;0.078;0.828;0.084
cirrhosis;naive-bayes;chi2;170;0.831;0.08;0.828;0.079
cirrhosis;naive-bayes;chi2;180;0.834;0.081;0.836;0.079
cirrhosis;naive-bayes;chi2;190;0.835;0.079;0.832;0.083
cirrhosis;naive-bayes;chi2;200;0.831;0.083;0.832;0.083
cirrhosis;naive-bayes;multisurf;10;0.808;0.081;0.716;0.064
cirrhosis;naive-bayes;multisurf;20;0.822;0.096;0.733;0.066
cirrhosis;naive-bayes;multisurf;30;0.79;0.104;0.733;0.098
cirrhosis;naive-bayes;multisurf;40;0.85;0.079;0.776;0.082
cirrhosis;naive-bayes;multisurf;50;0.877;0.042;0.797;0.043
cirrhosis;naive-bayes;multisurf;60;0.886;0.043;0.815;0.045
cirrhosis;naive-bayes;multisurf;70;0.864;0.055;0.815;0.065
cirrhosis;naive-bayes;multisurf;80;0.871;0.046;0.815;0.058
cirrhosis;naive-bayes;multisurf;90;0.87;0.05;0.785;0.071
cirrhosis;naive-bayes;multisurf;100;0.866;0.052;0.78;0.067
cirrhosis;naive-bayes;multisurf;110;0.852;0.049;0.793;0.061
cirrhosis;naive-bayes;multisurf;120;0.845;0.057;0.798;0.067
cirrhosis;naive-bayes;multisurf;130;0.834;0.041;0.798;0.056
cirrhosis;naive-bayes;multisurf;140;0.822;0.046;0.793;0.059
cirrhosis;naive-bayes;multisurf;150;0.832;0.045;0.789;0.055
cirrhosis;naive-bayes;multisurf;160;0.846;0.043;0.811;0.066
cirrhosis;naive-bayes;multisurf;170;0.836;0.058;0.811;0.077
cirrhosis;naive-bayes;multisurf;180;0.86;0.053;0.828;0.069
cirrhosis;naive-bayes;multisurf;190;0.861;0.058;0.827;0.08
cirrhosis;naive-bayes;multisurf;200;0.847;0.07;0.819;0.087
cirrhosis;naive-bayes;boruta;36;0.854;0.059;0.802;0.068
cirrhosis;gradient-boosting;random-forest;10;0.912;0.054;0.814;0.048
cirrhosis;gradient-boosting;random-forest;20;0.924;0.048;0.866;0.041
cirrhosis;gradient-boosting;random-forest;30;0.896;0.048;0.845;0.062
cirrhosis;gradient-boosting;random-forest;40;0.905;0.075;0.824;0.055
cirrhosis;gradient-boosting;random-forest;50;0.909;0.07;0.832;0.073
cirrhosis;gradient-boosting;random-forest;60;0.889;0.06;0.84;0.087
cirrhosis;gradient-boosting;random-forest;70;0.918;0.069;0.862;0.077
cirrhosis;gradient-boosting;random-forest;80;0.917;0.063;0.866;0.065
cirrhosis;gradient-boosting;random-forest;90;0.921;0.06;0.853;0.065
cirrhosis;gradient-boosting;random-forest;100;0.915;0.062;0.827;0.087
cirrhosis;gradient-boosting;random-forest;110;0.903;0.063;0.84;0.091
cirrhosis;gradient-boosting;random-forest;120;0.884;0.067;0.827;0.073
cirrhosis;gradient-boosting;random-forest;130;0.892;0.065;0.81;0.082
cirrhosis;gradient-boosting;random-forest;140;0.88;0.072;0.819;0.087
cirrhosis;gradient-boosting;random-forest;150;0.886;0.071;0.836;0.081
cirrhosis;gradient-boosting;random-forest;160;0.892;0.058;0.823;0.074
cirrhosis;gradient-boosting;random-forest;170;0.887;0.066;0.823;0.083
cirrhosis;gradient-boosting;random-forest;180;0.89;0.053;0.823;0.074
cirrhosis;gradient-boosting;random-forest;190;0.887;0.071;0.802;0.068
cirrhosis;gradient-boosting;random-forest;200;0.886;0.071;0.823;0.066
cirrhosis;gradient-boosting;mrmr;10;0.885;0.057;0.828;0.058
cirrhosis;gradient-boosting;mrmr;20;0.929;0.033;0.858;0.044
cirrhosis;gradient-boosting;mrmr;30;0.914;0.039;0.819;0.041
cirrhosis;gradient-boosting;mrmr;40;0.889;0.047;0.832;0.041
cirrhosis;gradient-boosting;mrmr;50;0.895;0.049;0.81;0.062
cirrhosis;gradient-boosting;mrmr;60;0.899;0.047;0.823;0.065
cirrhosis;gradient-boosting;mrmr;70;0.914;0.049;0.819;0.054
cirrhosis;gradient-boosting;mrmr;80;0.903;0.067;0.806;0.082
cirrhosis;gradient-boosting;mrmr;90;0.916;0.039;0.858;0.053
cirrhosis;gradient-boosting;mrmr;100;0.914;0.042;0.832;0.055
cirrhosis;gradient-boosting;mrmr;110;0.893;0.043;0.81;0.066
cirrhosis;gradient-boosting;mrmr;120;0.89;0.048;0.819;0.063
cirrhosis;gradient-boosting;mrmr;130;0.907;0.043;0.814;0.069
cirrhosis;gradient-boosting;mrmr;140;0.897;0.034;0.823;0.069
cirrhosis;gradient-boosting;mrmr;150;0.891;0.038;0.819;0.071
cirrhosis;gradient-boosting;mrmr;160;0.899;0.049;0.827;0.058
cirrhosis;gradient-boosting;mrmr;170;0.898;0.053;0.814;0.055
cirrhosis;gradient-boosting;mrmr;180;0.905;0.048;0.81;0.062
cirrhosis;gradient-boosting;mrmr;190;0.905;0.048;0.827;0.055
cirrhosis;gradient-boosting;mrmr;200;0.896;0.052;0.818;0.061
cirrhosis;gradient-boosting;mutual-info;10;0.909;0.055;0.806;0.063
cirrhosis;gradient-boosting;mutual-info;20;0.911;0.038;0.836;0.038
cirrhosis;gradient-boosting;mutual-info;30;0.93;0.053;0.862;0.06
cirrhosis;gradient-boosting;mutual-info;40;0.909;0.043;0.832;0.041
cirrhosis;gradient-boosting;mutual-info;50;0.902;0.052;0.836;0.038
cirrhosis;gradient-boosting;mutual-info;60;0.906;0.04;0.818;0.064
cirrhosis;gradient-boosting;mutual-info;70;0.888;0.07;0.845;0.063
cirrhosis;gradient-boosting;mutual-info;80;0.898;0.054;0.836;0.069
cirrhosis;gradient-boosting;mutual-info;90;0.905;0.045;0.815;0.077
cirrhosis;gradient-boosting;mutual-info;100;0.905;0.058;0.85;0.073
cirrhosis;gradient-boosting;mutual-info;110;0.905;0.05;0.862;0.063
cirrhosis;gradient-boosting;mutual-info;120;0.899;0.039;0.819;0.076
cirrhosis;gradient-boosting;mutual-info;130;0.896;0.058;0.823;0.069
cirrhosis;gradient-boosting;mutual-info;140;0.922;0.038;0.853;0.066
cirrhosis;gradient-boosting;mutual-info;150;0.894;0.071;0.832;0.065
cirrhosis;gradient-boosting;mutual-info;160;0.915;0.047;0.853;0.066
cirrhosis;gradient-boosting;mutual-info;170;0.899;0.04;0.836;0.053
cirrhosis;gradient-boosting;mutual-info;180;0.917;0.056;0.858;0.078
cirrhosis;gradient-boosting;mutual-info;190;0.891;0.043;0.814;0.081
cirrhosis;gradient-boosting;mutual-info;200;0.909;0.045;0.845;0.072
cirrhosis;gradient-boosting;chi2;10;0.868;0.077;0.815;0.074
cirrhosis;gradient-boosting;chi2;20;0.879;0.056;0.811;0.043
cirrhosis;gradient-boosting;chi2;30;0.908;0.054;0.828;0.043
cirrhosis;gradient-boosting;chi2;40;0.911;0.052;0.819;0.057
cirrhosis;gradient-boosting;chi2;50;0.881;0.078;0.797;0.034
cirrhosis;gradient-boosting;chi2;60;0.886;0.073;0.827;0.07
cirrhosis;gradient-boosting;chi2;70;0.911;0.064;0.853;0.051
cirrhosis;gradient-boosting;chi2;80;0.893;0.084;0.849;0.066
cirrhosis;gradient-boosting;chi2;90;0.894;0.08;0.841;0.093
cirrhosis;gradient-boosting;chi2;100;0.919;0.05;0.862;0.077
cirrhosis;gradient-boosting;chi2;110;0.919;0.044;0.866;0.073
cirrhosis;gradient-boosting;chi2;120;0.921;0.046;0.862;0.072
cirrhosis;gradient-boosting;chi2;130;0.912;0.044;0.87;0.073
cirrhosis;gradient-boosting;chi2;140;0.911;0.048;0.858;0.08
cirrhosis;gradient-boosting;chi2;150;0.907;0.05;0.862;0.066
cirrhosis;gradient-boosting;chi2;160;0.907;0.055;0.845;0.07
cirrhosis;gradient-boosting;chi2;170;0.91;0.053;0.845;0.058
cirrhosis;gradient-boosting;chi2;180;0.909;0.054;0.836;0.057
cirrhosis;gradient-boosting;chi2;190;0.917;0.046;0.866;0.05
cirrhosis;gradient-boosting;chi2;200;0.902;0.062;0.84;0.056
cirrhosis;gradient-boosting;multisurf;10;0.754;0.09;0.673;0.061
cirrhosis;gradient-boosting;multisurf;20;0.817;0.091;0.716;0.088
cirrhosis;gradient-boosting;multisurf;30;0.898;0.056;0.84;0.055
cirrhosis;gradient-boosting;multisurf;40;0.904;0.047;0.84;0.04
cirrhosis;gradient-boosting;multisurf;50;0.9;0.048;0.836;0.043
cirrhosis;gradient-boosting;multisurf;60;0.906;0.045;0.836;0.047
cirrhosis;gradient-boosting;multisurf;70;0.886;0.056;0.832;0.041
cirrhosis;gradient-boosting;multisurf;80;0.866;0.069;0.815;0.074
cirrhosis;gradient-boosting;multisurf;90;0.868;0.076;0.81;0.073
cirrhosis;gradient-boosting;multisurf;100;0.881;0.066;0.84;0.073
cirrhosis;gradient-boosting;multisurf;110;0.897;0.059;0.815;0.079
cirrhosis;gradient-boosting;multisurf;120;0.9;0.058;0.832;0.077
cirrhosis;gradient-boosting;multisurf;130;0.9;0.059;0.836;0.078
cirrhosis;gradient-boosting;multisurf;140;0.903;0.059;0.832;0.077
cirrhosis;gradient-boosting;multisurf;150;0.913;0.043;0.84;0.051
cirrhosis;gradient-boosting;multisurf;160;0.9;0.043;0.823;0.056
cirrhosis;gradient-boosting;multisurf;170;0.903;0.045;0.832;0.056
cirrhosis;gradient-boosting;multisurf;180;0.902;0.058;0.84;0.052
cirrhosis;gradient-boosting;multisurf;190;0.897;0.055;0.84;0.048
cirrhosis;gradient-boosting;multisurf;200;0.902;0.059;0.836;0.055
cirrhosis;gradient-boosting;boruta;36;0.904;0.038;0.832;0.039
t2d;gradient-boosting;random-forest;10;0.718;0.067;0.651;0.08
t2d;gradient-boosting;random-forest;20;0.721;0.077;0.657;0.071
t2d;gradient-boosting;random-forest;30;0.719;0.064;0.649;0.058
t2d;gradient-boosting;random-forest;40;0.723;0.064;0.648;0.069
t2d;gradient-boosting;random-forest;50;0.722;0.065;0.651;0.061
t2d;gradient-boosting;random-forest;60;0.701;0.084;0.657;0.073
t2d;gradient-boosting;random-forest;70;0.697;0.075;0.631;0.052
t2d;gradient-boosting;random-forest;80;0.708;0.066;0.657;0.043
t2d;gradient-boosting;random-forest;90;0.702;0.072;0.654;0.042
t2d;gradient-boosting;random-forest;100;0.698;0.071;0.646;0.054
t2d;gradient-boosting;random-forest;110;0.696;0.071;0.654;0.046
t2d;gradient-boosting;random-forest;120;0.696;0.08;0.654;0.049
t2d;gradient-boosting;random-forest;130;0.693;0.078;0.649;0.057
t2d;gradient-boosting;random-forest;140;0.695;0.078;0.646;0.055
t2d;gradient-boosting;random-forest;150;0.683;0.071;0.652;0.063
t2d;gradient-boosting;random-forest;160;0.688;0.074;0.652;0.052
t2d;gradient-boosting;random-forest;170;0.688;0.067;0.66;0.056
t2d;gradient-boosting;random-forest;180;0.684;0.068;0.652;0.066
t2d;gradient-boosting;random-forest;190;0.685;0.065;0.643;0.072
t2d;gradient-boosting;random-forest;200;0.685;0.066;0.652;0.066
t2d;gradient-boosting;mrmr;10;0.71;0.056;0.646;0.056
t2d;gradient-boosting;mrmr;20;0.713;0.061;0.628;0.026
t2d;gradient-boosting;mrmr;30;0.704;0.081;0.628;0.079
t2d;gradient-boosting;mrmr;40;0.693;0.077;0.652;0.051
t2d;gradient-boosting;mrmr;50;0.689;0.079;0.649;0.061
t2d;gradient-boosting;mrmr;60;0.686;0.083;0.643;0.058
t2d;gradient-boosting;mrmr;70;0.685;0.083;0.643;0.058
t2d;gradient-boosting;mrmr;80;0.668;0.089;0.62;0.081
t2d;gradient-boosting;mrmr;90;0.677;0.087;0.632;0.076
t2d;gradient-boosting;mrmr;100;0.674;0.092;0.646;0.072
t2d;gradient-boosting;mrmr;110;0.671;0.088;0.646;0.057
t2d;gradient-boosting;mrmr;120;0.673;0.095;0.637;0.064
t2d;gradient-boosting;mrmr;130;0.684;0.1;0.655;0.088
t2d;gradient-boosting;mrmr;140;0.673;0.102;0.643;0.084
t2d;gradient-boosting;mrmr;150;0.677;0.098;0.661;0.083
t2d;gradient-boosting;mrmr;160;0.676;0.1;0.658;0.083
t2d;gradient-boosting;mrmr;170;0.687;0.082;0.649;0.068
t2d;gradient-boosting;mrmr;180;0.686;0.084;0.646;0.073
t2d;gradient-boosting;mrmr;190;0.684;0.078;0.649;0.07
t2d;gradient-boosting;mrmr;200;0.682;0.086;0.652;0.068
t2d;gradient-boosting;mutual-info;10;0.609;0.09;0.613;0.068
t2d;gradient-boosting;mutual-info;20;0.671;0.077;0.608;0.087
t2d;gradient-boosting;mutual-info;30;0.68;0.068;0.619;0.051
t2d;gradient-boosting;mutual-info;40;0.703;0.061;0.663;0.043
t2d;gradient-boosting;mutual-info;50;0.692;0.094;0.646;0.078
t2d;gradient-boosting;mutual-info;60;0.708;0.082;0.634;0.063
t2d;gradient-boosting;mutual-info;70;0.673;0.068;0.623;0.072
t2d;gradient-boosting;mutual-info;80;0.703;0.078;0.669;0.067
t2d;gradient-boosting;mutual-info;90;0.679;0.087;0.64;0.068
t2d;gradient-boosting;mutual-info;100;0.692;0.079;0.666;0.09
t2d;gradient-boosting;mutual-info;110;0.685;0.092;0.64;0.09
t2d;gradient-boosting;mutual-info;120;0.697;0.081;0.643;0.055
t2d;gradient-boosting;mutual-info;130;0.694;0.082;0.652;0.052
t2d;gradient-boosting;mutual-info;140;0.675;0.076;0.625;0.043
t2d;gradient-boosting;mutual-info;150;0.693;0.069;0.634;0.048
t2d;gradient-boosting;mutual-info;160;0.698;0.081;0.669;0.061
t2d;gradient-boosting;mutual-info;170;0.679;0.07;0.614;0.069
t2d;gradient-boosting;mutual-info;180;0.67;0.099;0.617;0.093
t2d;gradient-boosting;mutual-info;190;0.657;0.084;0.62;0.072
t2d;gradient-boosting;mutual-info;200;0.689;0.058;0.645;0.034
t2d;gradient-boosting;chi2;10;0.712;0.086;0.649;0.072
t2d;gradient-boosting;chi2;20;0.705;0.086;0.646;0.077
t2d;gradient-boosting;chi2;30;0.683;0.088;0.631;0.058
t2d;gradient-boosting;chi2;40;0.674;0.09;0.631;0.073
t2d;gradient-boosting;chi2;50;0.67;0.096;0.614;0.074
t2d;gradient-boosting;chi2;60;0.643;0.081;0.599;0.071
t2d;gradient-boosting;chi2;70;0.667;0.082;0.637;0.066
t2d;gradient-boosting;chi2;80;0.669;0.076;0.643;0.065
t2d;gradient-boosting;chi2;90;0.682;0.078;0.632;0.084
t2d;gradient-boosting;chi2;100;0.682;0.095;0.649;0.103
t2d;gradient-boosting;chi2;110;0.664;0.099;0.623;0.091
t2d;gradient-boosting;chi2;120;0.661;0.103;0.617;0.088
t2d;gradient-boosting;chi2;130;0.656;0.103;0.614;0.111
t2d;gradient-boosting;chi2;140;0.655;0.1;0.599;0.112
t2d;gradient-boosting;chi2;150;0.665;0.079;0.628;0.061
t2d;gradient-boosting;chi2;160;0.669;0.082;0.637;0.06
t2d;gradient-boosting;chi2;170;0.661;0.077;0.631;0.05
t2d;gradient-boosting;chi2;180;0.666;0.082;0.631;0.049
t2d;gradient-boosting;chi2;190;0.663;0.072;0.625;0.054
t2d;gradient-boosting;chi2;200;0.659;0.065;0.646;0.034
t2d;gradient-boosting;multisurf;10;0.633;0.097;0.614;0.054
t2d;gradient-boosting;multisurf;20;0.627;0.093;0.619;0.055
t2d;gradient-boosting;multisurf;30;0.674;0.095;0.628;0.086
t2d;gradient-boosting;multisurf;40;0.664;0.076;0.628;0.068
t2d;gradient-boosting;multisurf;50;0.667;0.094;0.625;0.07
t2d;gradient-boosting;multisurf;60;0.663;0.083;0.649;0.066
t2d;gradient-boosting;multisurf;70;0.663;0.094;0.631;0.073
t2d;gradient-boosting;multisurf;80;0.67;0.081;0.625;0.093
t2d;gradient-boosting;multisurf;90;0.667;0.076;0.628;0.082
t2d;gradient-boosting;multisurf;100;0.678;0.089;0.64;0.073
t2d;gradient-boosting;multisurf;110;0.674;0.09;0.634;0.082
t2d;gradient-boosting;multisurf;120;0.67;0.092;0.62;0.084
t2d;gradient-boosting;multisurf;130;0.669;0.084;0.628;0.076
t2d;gradient-boosting;multisurf;140;0.674;0.082;0.634;0.07
t2d;gradient-boosting;multisurf;150;0.67;0.086;0.625;0.085
t2d;gradient-boosting;multisurf;160;0.675;0.08;0.628;0.074
t2d;gradient-boosting;multisurf;170;0.682;0.092;0.651;0.107
t2d;gradient-boosting;multisurf;180;0.681;0.096;0.654;0.105
t2d;gradient-boosting;multisurf;190;0.679;0.097;0.64;0.101
t2d;gradient-boosting;multisurf;200;0.68;0.099;0.646;0.09
t2d;gradient-boosting;boruta;16;0.748;0.077;0.672;0.069
obesity;gradient-boosting;random-forest;10;0.691;0.063;0.649;0.071
obesity;gradient-boosting;random-forest;20;0.665;0.073;0.648;0.051
obesity;gradient-boosting;random-forest;30;0.617;0.101;0.636;0.073
obesity;gradient-boosting;random-forest;40;0.596;0.107;0.644;0.037
obesity;gradient-boosting;random-forest;50;0.594;0.129;0.625;0.061
obesity;gradient-boosting;random-forest;60;0.59;0.119;0.636;0.052
obesity;gradient-boosting;random-forest;70;0.594;0.126;0.648;0.044
obesity;gradient-boosting;random-forest;80;0.575;0.122;0.648;0.049
obesity;gradient-boosting;random-forest;90;0.593;0.124;0.664;0.049
obesity;gradient-boosting;random-forest;100;0.606;0.123;0.679;0.049
obesity;gradient-boosting;random-forest;110;0.59;0.117;0.664;0.043
obesity;gradient-boosting;random-forest;120;0.585;0.127;0.66;0.034
obesity;gradient-boosting;random-forest;130;0.584;0.123;0.644;0.03
obesity;gradient-boosting;random-forest;140;0.579;0.124;0.648;0.028
obesity;gradient-boosting;random-forest;150;0.589;0.111;0.664;0.046
obesity;gradient-boosting;random-forest;160;0.588;0.109;0.66;0.042
obesity;gradient-boosting;random-forest;170;0.585;0.108;0.66;0.046
obesity;gradient-boosting;random-forest;180;0.58;0.108;0.664;0.046
obesity;gradient-boosting;random-forest;190;0.588;0.106;0.66;0.043
obesity;gradient-boosting;random-forest;200;0.587;0.109;0.652;0.044
obesity;gradient-boosting;mrmr;10;0.692;0.087;0.664;0.043
obesity;gradient-boosting;mrmr;20;0.683;0.064;0.68;0.05
obesity;gradient-boosting;mrmr;30;0.682;0.068;0.687;0.058
obesity;gradient-boosting;mrmr;40;0.694;0.067;0.671;0.057
obesity;gradient-boosting;mrmr;50;0.667;0.094;0.672;0.042
obesity;gradient-boosting;mrmr;60;0.704;0.094;0.656;0.063
obesity;gradient-boosting;mrmr;70;0.693;0.1;0.659;0.058
obesity;gradient-boosting;mrmr;80;0.686;0.097;0.667;0.052
obesity;gradient-boosting;mrmr;90;0.687;0.108;0.667;0.073
obesity;gradient-boosting;mrmr;100;0.674;0.11;0.663;0.071
obesity;gradient-boosting;mrmr;110;0.674;0.114;0.663;0.071
obesity;gradient-boosting;mrmr;120;0.661;0.105;0.651;0.062
obesity;gradient-boosting;mrmr;130;0.658;0.102;0.648;0.057
obesity;gradient-boosting;mrmr;140;0.659;0.104;0.644;0.06
obesity;gradient-boosting;mrmr;150;0.653;0.102;0.652;0.058
obesity;gradient-boosting;mrmr;160;0.65;0.099;0.652;0.063
obesity;gradient-boosting;mrmr;170;0.65;0.098;0.652;0.063
obesity;gradient-boosting;mrmr;180;0.651;0.1;0.652;0.063
obesity;gradient-boosting;mrmr;190;0.647;0.099;0.655;0.062
obesity;gradient-boosting;mrmr;200;0.648;0.101;0.655;0.062
obesity;gradient-boosting;mutual-info;10;0.653;0.071;0.676;0.054
obesity;gradient-boosting;mutual-info;20;0.601;0.101;0.679;0.045
obesity;gradient-boosting;mutual-info;30;0.603;0.085;0.64;0.041
obesity;gradient-boosting;mutual-info;40;0.607;0.09;0.66;0.049
obesity;gradient-boosting;mutual-info;50;0.614;0.129;0.656;0.067
obesity;gradient-boosting;mutual-info;60;0.587;0.08;0.629;0.066
obesity;gradient-boosting;mutual-info;70;0.563;0.091;0.637;0.049
obesity;gradient-boosting;mutual-info;80;0.613;0.099;0.664;0.047
obesity;gradient-boosting;mutual-info;90;0.675;0.084;0.664;0.057
obesity;gradient-boosting;mutual-info;100;0.588;0.102;0.633;0.039
obesity;gradient-boosting;mutual-info;110;0.628;0.083;0.648;0.032
obesity;gradient-boosting;mutual-info;120;0.604;0.085;0.633;0.045
obesity;gradient-boosting;mutual-info;130;0.642;0.103;0.668;0.029
obesity;gradient-boosting;mutual-info;140;0.602;0.107;0.652;0.062
obesity;gradient-boosting;mutual-info;150;0.613;0.108;0.648;0.052
obesity;gradient-boosting;mutual-info;160;0.642;0.09;0.656;0.043
obesity;gradient-boosting;mutual-info;170;0.66;0.09;0.668;0.021
obesity;gradient-boosting;mutual-info;180;0.65;0.099;0.648;0.038
obesity;gradient-boosting;mutual-info;190;0.607;0.093;0.64;0.054
obesity;gradient-boosting;mutual-info;200;0.658;0.08;0.636;0.026
obesity;gradient-boosting;chi2;10;0.656;0.124;0.647;0.091
obesity;gradient-boosting;chi2;20;0.594;0.102;0.624;0.071
obesity;gradient-boosting;chi2;30;0.595;0.111;0.636;0.053
obesity;gradient-boosting;chi2;40;0.622;0.114;0.659;0.074
obesity;gradient-boosting;chi2;50;0.618;0.149;0.659;0.085
obesity;gradient-boosting;chi2;60;0.619;0.134;0.66;0.064
obesity;gradient-boosting;chi2;70;0.598;0.117;0.652;0.062
obesity;gradient-boosting;chi2;80;0.602;0.117;0.652;0.062
obesity;gradient-boosting;chi2;90;0.602;0.133;0.652;0.06
obesity;gradient-boosting;chi2;100;0.589;0.133;0.652;0.053
obesity;gradient-boosting;chi2;110;0.568;0.132;0.652;0.056
obesity;gradient-boosting;chi2;120;0.576;0.14;0.64;0.058
obesity;gradient-boosting;chi2;130;0.567;0.14;0.644;0.06
obesity;gradient-boosting;chi2;140;0.564;0.127;0.652;0.047
obesity;gradient-boosting;chi2;150;0.569;0.124;0.652;0.057
obesity;gradient-boosting;chi2;160;0.556;0.12;0.648;0.047
obesity;gradient-boosting;chi2;170;0.551;0.147;0.64;0.045
obesity;gradient-boosting;chi2;180;0.615;0.146;0.64;0.029
obesity;gradient-boosting;chi2;190;0.629;0.148;0.66;0.029
obesity;gradient-boosting;chi2;200;0.622;0.15;0.652;0.033
obesity;gradient-boosting;multisurf;10;0.516;0.076;0.62;0.055
obesity;gradient-boosting;multisurf;20;0.594;0.08;0.628;0.044
obesity;gradient-boosting;multisurf;30;0.609;0.123;0.643;0.072
obesity;gradient-boosting;multisurf;40;0.621;0.111;0.644;0.054
obesity;gradient-boosting;multisurf;50;0.605;0.111;0.647;0.066
obesity;gradient-boosting;multisurf;60;0.589;0.113;0.644;0.059
obesity;gradient-boosting;multisurf;70;0.579;0.114;0.636;0.056
obesity;gradient-boosting;multisurf;80;0.552;0.102;0.628;0.048
obesity;gradient-boosting;multisurf;90;0.563;0.099;0.644;0.048
obesity;gradient-boosting;multisurf;100;0.562;0.097;0.64;0.051
obesity;gradient-boosting;multisurf;110;0.572;0.104;0.632;0.052
obesity;gradient-boosting;multisurf;120;0.574;0.113;0.632;0.064
obesity;gradient-boosting;multisurf;130;0.574;0.097;0.628;0.052
obesity;gradient-boosting;multisurf;140;0.579;0.102;0.636;0.063
obesity;gradient-boosting;multisurf;150;0.578;0.101;0.632;0.055
obesity;gradient-boosting;multisurf;160;0.576;0.102;0.628;0.055
obesity;gradient-boosting;multisurf;170;0.575;0.1;0.632;0.051
obesity;gradient-boosting;multisurf;180;0.574;0.098;0.628;0.055
obesity;gradient-boosting;multisurf;190;0.576;0.102;0.628;0.055
obesity;gradient-boosting;multisurf;200;0.584;0.102;0.636;0.043
obesity;gradient-boosting;boruta;7;0.708;0.061;0.68;0.067
ibd;random-forest;random-forest;10;0.927;0.067;0.833;0.078
ibd;random-forest;random-forest;20;0.943;0.07;0.856;0.104
ibd;random-forest;random-forest;30;0.942;0.071;0.862;0.094
ibd;random-forest;random-forest;40;0.947;0.065;0.856;0.088
ibd;random-forest;random-forest;50;0.95;0.069;0.866;0.09
ibd;random-forest;random-forest;60;0.957;0.061;0.868;0.085
ibd;random-forest;random-forest;70;0.949;0.066;0.866;0.083
ibd;random-forest;random-forest;80;0.953;0.062;0.864;0.082
ibd;random-forest;random-forest;90;0.949;0.058;0.874;0.077
ibd;random-forest;random-forest;100;0.948;0.064;0.866;0.074
ibd;random-forest;random-forest;110;0.945;0.067;0.872;0.07
ibd;random-forest;random-forest;120;0.946;0.064;0.862;0.082
ibd;random-forest;random-forest;130;0.948;0.065;0.862;0.077
ibd;random-forest;random-forest;140;0.949;0.064;0.868;0.079
ibd;random-forest;random-forest;150;0.948;0.059;0.868;0.081
ibd;random-forest;random-forest;160;0.949;0.064;0.856;0.084
ibd;random-forest;random-forest;170;0.95;0.062;0.854;0.075
ibd;random-forest;random-forest;180;0.948;0.063;0.872;0.066
ibd;random-forest;random-forest;190;0.947;0.062;0.854;0.07
ibd;random-forest;random-forest;200;0.946;0.071;0.862;0.082
ibd;random-forest;mrmr;10;0.912;0.062;0.833;0.08
ibd;random-forest;mrmr;20;0.945;0.067;0.856;0.096
ibd;random-forest;mrmr;30;0.944;0.066;0.848;0.091
ibd;random-forest;mrmr;40;0.946;0.064;0.848;0.085
ibd;random-forest;mrmr;50;0.949;0.055;0.852;0.084
ibd;random-forest;mrmr;60;0.949;0.051;0.837;0.093
ibd;random-forest;mrmr;70;0.949;0.057;0.854;0.088
ibd;random-forest;mrmr;80;0.951;0.056;0.858;0.087
ibd;random-forest;mrmr;90;0.953;0.054;0.852;0.084
ibd;random-forest;mrmr;100;0.953;0.052;0.86;0.081
ibd;random-forest;mrmr;110;0.953;0.056;0.86;0.08
ibd;random-forest;mrmr;120;0.954;0.049;0.854;0.083
ibd;random-forest;mrmr;130;0.952;0.057;0.852;0.072
ibd;random-forest;mrmr;140;0.955;0.056;0.854;0.078
ibd;random-forest;mrmr;150;0.954;0.06;0.858;0.084
ibd;random-forest;mrmr;160;0.951;0.057;0.854;0.084
ibd;random-forest;mrmr;170;0.952;0.052;0.858;0.089
ibd;random-forest;mrmr;180;0.949;0.052;0.862;0.077
ibd;random-forest;mrmr;190;0.952;0.051;0.868;0.077
ibd;random-forest;mrmr;200;0.947;0.06;0.854;0.089
ibd;random-forest;mutual-info;10;0.913;0.074;0.817;0.09
ibd;random-forest;mutual-info;20;0.926;0.077;0.835;0.093
ibd;random-forest;mutual-info;30;0.934;0.059;0.841;0.092
ibd;random-forest;mutual-info;40;0.938;0.056;0.829;0.091
ibd;random-forest;mutual-info;50;0.948;0.065;0.852;0.089
ibd;random-forest;mutual-info;60;0.941;0.07;0.845;0.083
ibd;random-forest;mutual-info;70;0.943;0.064;0.852;0.09
ibd;random-forest;mutual-info;80;0.938;0.076;0.848;0.096
ibd;random-forest;mutual-info;90;0.943;0.064;0.841;0.092
ibd;random-forest;mutual-info;100;0.944;0.063;0.85;0.083
ibd;random-forest;mutual-info;110;0.945;0.067;0.868;0.084
ibd;random-forest;mutual-info;120;0.946;0.065;0.862;0.079
ibd;random-forest;mutual-info;130;0.947;0.064;0.86;0.087
ibd;random-forest;mutual-info;140;0.946;0.068;0.866;0.091
ibd;random-forest;mutual-info;150;0.939;0.071;0.858;0.083
ibd;random-forest;mutual-info;160;0.951;0.059;0.854;0.08
ibd;random-forest;mutual-info;170;0.95;0.064;0.86;0.081
ibd;random-forest;mutual-info;180;0.946;0.069;0.856;0.085
ibd;random-forest;mutual-info;190;0.949;0.059;0.862;0.069
ibd;random-forest;mutual-info;200;0.942;0.067;0.85;0.081
ibd;random-forest;chi2;10;0.864;0.076;0.795;0.101
ibd;random-forest;chi2;20;0.943;0.051;0.847;0.084
ibd;random-forest;chi2;30;0.948;0.052;0.854;0.089
ibd;random-forest;chi2;40;0.942;0.057;0.853;0.095
ibd;random-forest;chi2;50;0.943;0.055;0.856;0.073
ibd;random-forest;chi2;60;0.95;0.067;0.856;0.1
ibd;random-forest;chi2;70;0.951;0.066;0.856;0.098
ibd;random-forest;chi2;80;0.958;0.057;0.86;0.1
ibd;random-forest;chi2;90;0.958;0.05;0.866;0.075
ibd;random-forest;chi2;100;0.96;0.048;0.858;0.079
ibd;random-forest;chi2;110;0.959;0.051;0.864;0.08
ibd;random-forest;chi2;120;0.957;0.058;0.864;0.086
ibd;random-forest;chi2;130;0.956;0.058;0.87;0.085
ibd;random-forest;chi2;140;0.962;0.05;0.868;0.069
ibd;random-forest;chi2;150;0.96;0.053;0.86;0.091
ibd;random-forest;chi2;160;0.96;0.049;0.874;0.078
ibd;random-forest;chi2;170;0.958;0.056;0.88;0.081
ibd;random-forest;chi2;180;0.959;0.049;0.874;0.072
ibd;random-forest;chi2;190;0.957;0.056;0.874;0.079
ibd;random-forest;chi2;200;0.956;0.06;0.864;0.079
ibd;random-forest;multisurf;10;0.878;0.092;0.78;0.107
ibd;random-forest;multisurf;20;0.889;0.099;0.793;0.117
ibd;random-forest;multisurf;30;0.932;0.08;0.835;0.11
ibd;random-forest;multisurf;40;0.943;0.073;0.841;0.105
ibd;random-forest;multisurf;50;0.942;0.073;0.831;0.098
ibd;random-forest;multisurf;60;0.939;0.076;0.841;0.107
ibd;random-forest;multisurf;70;0.938;0.07;0.825;0.084
ibd;random-forest;multisurf;80;0.935;0.079;0.831;0.099
ibd;random-forest;multisurf;90;0.945;0.068;0.841;0.1
ibd;random-forest;multisurf;100;0.946;0.065;0.839;0.083
ibd;random-forest;multisurf;110;0.942;0.074;0.839;0.099
ibd;random-forest;multisurf;120;0.938;0.082;0.841;0.103
ibd;random-forest;multisurf;130;0.948;0.065;0.848;0.097
ibd;random-forest;multisurf;140;0.946;0.062;0.841;0.088
ibd;random-forest;multisurf;150;0.944;0.065;0.837;0.087
ibd;random-forest;multisurf;160;0.942;0.068;0.844;0.082
ibd;random-forest;multisurf;170;0.949;0.064;0.85;0.09
ibd;random-forest;multisurf;180;0.946;0.068;0.837;0.084
ibd;random-forest;multisurf;190;0.94;0.067;0.846;0.082
ibd;random-forest;multisurf;200;0.944;0.069;0.841;0.089
ibd;random-forest;boruta;65;0.95;0.064;0.868;0.084
crc;random-forest;random-forest;10;0.901;0.108;0.801;0.114
crc;random-forest;random-forest;20;0.911;0.067;0.834;0.099
crc;random-forest;random-forest;30;0.913;0.085;0.835;0.075
crc;random-forest;random-forest;40;0.925;0.075;0.851;0.062
crc;random-forest;random-forest;50;0.909;0.085;0.843;0.079
crc;random-forest;random-forest;60;0.894;0.102;0.826;0.095
crc;random-forest;random-forest;70;0.894;0.13;0.801;0.093
crc;random-forest;random-forest;80;0.912;0.091;0.81;0.106
crc;random-forest;random-forest;90;0.896;0.112;0.793;0.12
crc;random-forest;random-forest;100;0.889;0.126;0.818;0.09
crc;random-forest;random-forest;110;0.9;0.105;0.826;0.087
crc;random-forest;random-forest;120;0.9;0.097;0.801;0.086
crc;random-forest;random-forest;130;0.895;0.113;0.801;0.086
crc;random-forest;random-forest;140;0.886;0.116;0.81;0.076
crc;random-forest;random-forest;150;0.889;0.121;0.801;0.107
crc;random-forest;random-forest;160;0.883;0.114;0.793;0.101
crc;random-forest;random-forest;170;0.877;0.129;0.785;0.107
crc;random-forest;random-forest;180;0.892;0.115;0.785;0.101
crc;random-forest;random-forest;190;0.889;0.103;0.785;0.107
crc;random-forest;random-forest;200;0.884;0.128;0.785;0.131
crc;random-forest;mrmr;10;0.835;0.095;0.761;0.106
crc;random-forest;mrmr;20;0.874;0.138;0.835;0.075
crc;random-forest;mrmr;30;0.899;0.118;0.867;0.113
crc;random-forest;mrmr;40;0.906;0.116;0.867;0.113
crc;random-forest;mrmr;50;0.895;0.121;0.867;0.085
crc;random-forest;mrmr;60;0.897;0.122;0.876;0.107
crc;random-forest;mrmr;70;0.906;0.118;0.867;0.1
crc;random-forest;mrmr;80;0.886;0.115;0.859;0.099
crc;random-forest;mrmr;90;0.889;0.116;0.851;0.098
crc;random-forest;mrmr;100;0.906;0.108;0.834;0.084
crc;random-forest;mrmr;110;0.912;0.111;0.834;0.084
crc;random-forest;mrmr;120;0.915;0.097;0.851;0.072
crc;random-forest;mrmr;130;0.924;0.093;0.851;0.072
crc;random-forest;mrmr;140;0.926;0.094;0.843;0.079
crc;random-forest;mrmr;150;0.929;0.097;0.851;0.062
crc;random-forest;mrmr;160;0.928;0.079;0.851;0.081
crc;random-forest;mrmr;170;0.918;0.105;0.835;0.065
crc;random-forest;mrmr;180;0.918;0.106;0.843;0.079
crc;random-forest;mrmr;190;0.918;0.105;0.826;0.095
crc;random-forest;mrmr;200;0.912;0.11;0.851;0.062
crc;random-forest;mutual-info;10;0.862;0.083;0.785;0.086
crc;random-forest;mutual-info;20;0.864;0.119;0.802;0.13
crc;random-forest;mutual-info;30;0.896;0.101;0.86;0.106
crc;random-forest;mutual-info;40;0.886;0.138;0.81;0.118
crc;random-forest;mutual-info;50;0.887;0.129;0.81;0.106
crc;random-forest;mutual-info;60;0.911;0.116;0.818;0.111
crc;random-forest;mutual-info;70;0.904;0.116;0.826;0.115
crc;random-forest;mutual-info;80;0.868;0.155;0.81;0.14
crc;random-forest;mutual-info;90;0.889;0.141;0.785;0.119
crc;random-forest;mutual-info;100;0.898;0.146;0.843;0.079
crc;random-forest;mutual-info;110;0.901;0.156;0.835;0.091
crc;random-forest;mutual-info;120;0.898;0.103;0.818;0.104
crc;random-forest;mutual-info;130;0.894;0.137;0.81;0.124
crc;random-forest;mutual-info;140;0.888;0.135;0.818;0.104
crc;random-forest;mutual-info;150;0.895;0.146;0.826;0.087
crc;random-forest;mutual-info;160;0.886;0.153;0.826;0.095
crc;random-forest;mutual-info;170;0.883;0.143;0.826;0.095
crc;random-forest;mutual-info;180;0.886;0.132;0.81;0.112
crc;random-forest;mutual-info;190;0.898;0.154;0.835;0.091
crc;random-forest;mutual-info;200;0.899;0.13;0.818;0.09
crc;random-forest;chi2;10;0.854;0.112;0.81;0.111
crc;random-forest;chi2;20;0.881;0.087;0.81;0.112
crc;random-forest;chi2;30;0.888;0.108;0.835;0.124
crc;random-forest;chi2;40;0.908;0.092;0.826;0.121
crc;random-forest;chi2;50;0.897;0.093;0.793;0.125
crc;random-forest;chi2;60;0.898;0.103;0.81;0.099
crc;random-forest;chi2;70;0.894;0.094;0.818;0.073
crc;random-forest;chi2;80;0.903;0.094;0.81;0.099
crc;random-forest;chi2;90;0.908;0.087;0.826;0.095
crc;random-forest;chi2;100;0.9;0.096;0.826;0.087
crc;random-forest;chi2;110;0.896;0.11;0.818;0.097
crc;random-forest;chi2;120;0.903;0.101;0.835;0.065
crc;random-forest;chi2;130;0.908;0.078;0.818;0.104
crc;random-forest;chi2;140;0.883;0.117;0.81;0.106
crc;random-forest;chi2;150;0.892;0.101;0.835;0.075
crc;random-forest;chi2;160;0.882;0.11;0.81;0.106
crc;random-forest;chi2;170;0.888;0.11;0.818;0.09
crc;random-forest;chi2;180;0.895;0.121;0.81;0.106
crc;random-forest;chi2;190;0.893;0.111;0.818;0.117
crc;random-forest;chi2;200;0.886;0.117;0.818;0.097
crc;random-forest;multisurf;10;0.746;0.202;0.686;0.148
crc;random-forest;multisurf;20;0.767;0.116;0.702;0.108
crc;random-forest;multisurf;30;0.87;0.092;0.81;0.106
crc;random-forest;multisurf;40;0.879;0.09;0.826;0.095
crc;random-forest;multisurf;50;0.875;0.093;0.826;0.095
crc;random-forest;multisurf;60;0.868;0.106;0.818;0.104
crc;random-forest;multisurf;70;0.916;0.085;0.835;0.091
crc;random-forest;multisurf;80;0.905;0.082;0.835;0.065
crc;random-forest;multisurf;90;0.902;0.097;0.826;0.088
crc;random-forest;multisurf;100;0.895;0.121;0.835;0.091
crc;random-forest;multisurf;110;0.915;0.086;0.818;0.104
crc;random-forest;multisurf;120;0.898;0.096;0.794;0.106
crc;random-forest;multisurf;130;0.909;0.103;0.835;0.09
crc;random-forest;multisurf;140;0.907;0.107;0.835;0.091
crc;random-forest;multisurf;150;0.879;0.128;0.81;0.105
crc;random-forest;multisurf;160;0.892;0.105;0.819;0.116
crc;random-forest;multisurf;170;0.901;0.105;0.819;0.103
crc;random-forest;multisurf;180;0.888;0.123;0.81;0.105
crc;random-forest;multisurf;190;0.892;0.107;0.819;0.103
crc;random-forest;multisurf;200;0.898;0.106;0.81;0.105
crc;random-forest;boruta;14;0.923;0.076;0.842;0.088
wt2d;random-forest;random-forest;10;0.835;0.127;0.76;0.094
wt2d;random-forest;random-forest;20;0.848;0.127;0.772;0.096
wt2d;random-forest;random-forest;30;0.845;0.118;0.76;0.104
wt2d;random-forest;random-forest;40;0.839;0.13;0.751;0.111
wt2d;random-forest;random-forest;50;0.836;0.115;0.748;0.108
wt2d;random-forest;random-forest;60;0.822;0.104;0.74;0.104
wt2d;random-forest;random-forest;70;0.81;0.129;0.75;0.102
wt2d;random-forest;random-forest;80;0.819;0.131;0.74;0.135
wt2d;random-forest;random-forest;90;0.781;0.102;0.688;0.109
wt2d;random-forest;random-forest;100;0.767;0.155;0.727;0.127
wt2d;random-forest;random-forest;110;0.774;0.123;0.749;0.095
wt2d;random-forest;random-forest;120;0.806;0.111;0.728;0.117
wt2d;random-forest;random-forest;130;0.778;0.138;0.729;0.136
wt2d;random-forest;random-forest;140;0.722;0.15;0.698;0.105
wt2d;random-forest;random-forest;150;0.745;0.136;0.688;0.119
wt2d;random-forest;random-forest;160;0.742;0.14;0.728;0.098
wt2d;random-forest;random-forest;170;0.741;0.114;0.688;0.101
wt2d;random-forest;random-forest;180;0.748;0.118;0.719;0.09
wt2d;random-forest;random-forest;190;0.724;0.154;0.708;0.109
wt2d;random-forest;random-forest;200;0.707;0.13;0.668;0.104
wt2d;random-forest;mrmr;10;0.796;0.097;0.751;0.101
wt2d;random-forest;mrmr;20;0.795;0.073;0.719;0.078
wt2d;random-forest;mrmr;30;0.782;0.069;0.709;0.097
wt2d;random-forest;mrmr;40;0.818;0.092;0.752;0.117
wt2d;random-forest;mrmr;50;0.835;0.081;0.751;0.106
wt2d;random-forest;mrmr;60;0.835;0.082;0.772;0.106
wt2d;random-forest;mrmr;70;0.824;0.073;0.75;0.107
wt2d;random-forest;mrmr;80;0.816;0.096;0.74;0.125
wt2d;random-forest;mrmr;90;0.82;0.105;0.73;0.12
wt2d;random-forest;mrmr;100;0.829;0.096;0.719;0.13
wt2d;random-forest;mrmr;110;0.809;0.105;0.72;0.077
wt2d;random-forest;mrmr;120;0.827;0.094;0.739;0.126
wt2d;random-forest;mrmr;130;0.811;0.114;0.739;0.109
wt2d;random-forest;mrmr;140;0.799;0.128;0.739;0.118
wt2d;random-forest;mrmr;150;0.836;0.116;0.728;0.108
wt2d;random-forest;mrmr;160;0.818;0.097;0.76;0.113
wt2d;random-forest;mrmr;170;0.781;0.092;0.708;0.102
wt2d;random-forest;mrmr;180;0.784;0.098;0.718;0.136
wt2d;random-forest;mrmr;190;0.827;0.099;0.719;0.114
wt2d;random-forest;mrmr;200;0.819;0.099;0.729;0.116
wt2d;random-forest;mutual-info;10;0.635;0.113;0.612;0.119
wt2d;random-forest;mutual-info;20;0.836;0.145;0.742;0.127
wt2d;random-forest;mutual-info;30;0.8;0.162;0.728;0.098
wt2d;random-forest;mutual-info;40;0.843;0.136;0.753;0.155
wt2d;random-forest;mutual-info;50;0.844;0.093;0.763;0.109
wt2d;random-forest;mutual-info;60;0.845;0.111;0.74;0.144
wt2d;random-forest;mutual-info;70;0.851;0.116;0.762;0.089
wt2d;random-forest;mutual-info;80;0.85;0.118;0.761;0.136
wt2d;random-forest;mutual-info;90;0.764;0.159;0.71;0.142
wt2d;random-forest;mutual-info;100;0.844;0.126;0.751;0.091
wt2d;random-forest;mutual-info;110;0.849;0.112;0.806;0.119
wt2d;random-forest;mutual-info;120;0.84;0.133;0.793;0.112
wt2d;random-forest;mutual-info;130;0.825;0.116;0.742;0.11
wt2d;random-forest;mutual-info;140;0.804;0.126;0.762;0.1
wt2d;random-forest;mutual-info;150;0.844;0.144;0.783;0.102
wt2d;random-forest;mutual-info;160;0.835;0.1;0.739;0.094
wt2d;random-forest;mutual-info;170;0.828;0.153;0.741;0.101
wt2d;random-forest;mutual-info;180;0.827;0.099;0.771;0.099
wt2d;random-forest;mutual-info;190;0.832;0.103;0.75;0.094
wt2d;random-forest;mutual-info;200;0.835;0.108;0.752;0.119
wt2d;random-forest;chi2;10;0.695;0.147;0.613;0.132
wt2d;random-forest;chi2;20;0.683;0.157;0.663;0.139
wt2d;random-forest;chi2;30;0.754;0.174;0.674;0.157
wt2d;random-forest;chi2;40;0.808;0.107;0.728;0.131
wt2d;random-forest;chi2;50;0.809;0.088;0.738;0.132
wt2d;random-forest;chi2;60;0.799;0.098;0.737;0.116
wt2d;random-forest;chi2;70;0.824;0.078;0.738;0.1
wt2d;random-forest;chi2;80;0.784;0.113;0.707;0.126
wt2d;random-forest;chi2;90;0.82;0.109;0.717;0.117
wt2d;random-forest;chi2;100;0.788;0.111;0.696;0.132
wt2d;random-forest;chi2;110;0.755;0.107;0.696;0.146
wt2d;random-forest;chi2;120;0.781;0.106;0.673;0.166
wt2d;random-forest;chi2;130;0.746;0.105;0.716;0.121
wt2d;random-forest;chi2;140;0.765;0.142;0.716;0.144
wt2d;random-forest;chi2;150;0.758;0.15;0.704;0.132
wt2d;random-forest;chi2;160;0.769;0.134;0.707;0.094
wt2d;random-forest;chi2;170;0.724;0.116;0.686;0.125
wt2d;random-forest;chi2;180;0.781;0.091;0.74;0.111
wt2d;random-forest;chi2;190;0.788;0.088;0.727;0.119
wt2d;random-forest;chi2;200;0.774;0.129;0.749;0.105
wt2d;random-forest;multisurf;10;0.711;0.158;0.679;0.134
wt2d;random-forest;multisurf;20;0.653;0.133;0.656;0.124
wt2d;random-forest;multisurf;30;0.787;0.136;0.726;0.131
wt2d;random-forest;multisurf;40;0.774;0.113;0.738;0.089
wt2d;random-forest;multisurf;50;0.793;0.095;0.728;0.108
wt2d;random-forest;multisurf;60;0.778;0.129;0.686;0.119
wt2d;random-forest;multisurf;70;0.779;0.105;0.727;0.101
wt2d;random-forest;multisurf;80;0.766;0.125;0.697;0.1
wt2d;random-forest;multisurf;90;0.764;0.119;0.728;0.098
wt2d;random-forest;multisurf;100;0.797;0.08;0.728;0.115
wt2d;random-forest;multisurf;110;0.77;0.115;0.72;0.077
wt2d;random-forest;multisurf;120;0.77;0.109;0.739;0.07
wt2d;random-forest;multisurf;130;0.749;0.135;0.687;0.121
wt2d;random-forest;multisurf;140;0.775;0.11;0.761;0.09
wt2d;random-forest;multisurf;150;0.778;0.119;0.711;0.111
wt2d;random-forest;multisurf;160;0.78;0.104;0.718;0.103
wt2d;random-forest;multisurf;170;0.779;0.097;0.739;0.094
wt2d;random-forest;multisurf;180;0.782;0.086;0.719;0.09
wt2d;random-forest;multisurf;190;0.761;0.082;0.75;0.08
wt2d;random-forest;multisurf;200;0.776;0.104;0.706;0.116
wt2d;random-forest;boruta;5;0.808;0.102;0.772;0.085
